id,Country,Cases,Deaths,Update Time
1,Algeria,5,0,7/6/2009 9:00
2,Antigua and Barbuda,2,0,7/6/2009 9:00
3,Argentina,2485,60,7/6/2009 9:00
4,Australia,5298,10,7/6/2009 9:00
5,Austria,19,0,7/6/2009 9:00
6,Bahamas,7,0,7/6/2009 9:00
7,Bahrain,15,0,7/6/2009 9:00
8,Bangladesh,18,0,7/6/2009 9:00
9,Barbados,12,0,7/6/2009 9:00
10,Belgium,54,0,7/6/2009 9:00
11,"Bermuda, UKOT",1,0,7/6/2009 9:00
12,Bolivia,416,0,7/6/2009 9:00
13,Bosnia and Hezegovina,1,0,7/6/2009 9:00
14,Brazil,737,1,7/6/2009 9:00
15,"British Virgin Islands, UKOT",2,0,7/6/2009 9:00
16,Brunei Darussalam,124,0,7/6/2009 9:00
17,Bulgaria,10,0,7/6/2009 9:00
18,Cambodia,7,0,7/6/2009 9:00
19,Canada,7983,25,7/6/2009 9:00
20,Cap Verde,3,0,7/6/2009 9:00
21,"Cayman Islands, UKOT",14,0,7/6/2009 9:00
22,Chile,7376,14,7/6/2009 9:00
23,China,2040,0,7/6/2009 9:00
24,Colombia,118,2,7/6/2009 9:00
25,Cook Island,1,0,7/6/2009 9:00
26,Costa Rica,277,3,7/6/2009 9:00
27,Cote d'Ivoire,2,0,7/6/2009 9:00
28,Croatia,1,0,7/6/2009 9:00
29,Cuba,85,0,7/6/2009 9:00
30,Cyprus,109,0,7/6/2009 9:00
31,Czech Republic,15,0,7/6/2009 9:00
32,Denmark,66,0,7/6/2009 9:00
33,Dominica,1,0,7/6/2009 9:00
34,Dominican Republic,108,2,7/6/2009 9:00
35,Ecuador,204,0,7/6/2009 9:00
36,Egypt,78,0,7/6/2009 9:00
37,El Salvador,319,0,7/6/2009 9:00
38,Estonia,13,0,7/6/2009 9:00
39,Ethiopia,3,0,7/6/2009 9:00
40,Fiji,2,0,7/6/2009 9:00
41,Finland,47,0,7/6/2009 9:00
42,France,310,0,7/6/2009 9:00
43,"     French Polynesia, FOC",4,0,7/6/2009 9:00
44,"     Guadaloupe, FOC",2,0,7/6/2009 9:00
45,"     Martinique, FOC",3,0,7/6/2009 9:00
46,"     New Caledonia, FOC",12,0,7/6/2009 9:00
47,"     Saint Martin, FOC",1,0,7/6/2009 9:00
48,Germany,505,0,7/6/2009 9:00
49,Greece,151,0,7/6/2009 9:00
50,Guatemala ,286,2,7/6/2009 9:00
51,Guyana,2,0,7/6/2009 9:00
52,Honduras,123,1,7/6/2009 9:00
53,Hungary,11,0,7/6/2009 9:00
54,Iceland,4,0,7/6/2009 9:00
55,India,129,0,7/6/2009 9:00
56,Indonesia,20,0,7/6/2009 9:00
57,"Iran, Islamic Republic",1,0,7/6/2009 9:00
58,Iraq,12,0,7/6/2009 9:00
59,Ireland,74,0,7/6/2009 9:00
60,Israel,681,0,7/6/2009 9:00
61,Italy,146,0,7/6/2009 9:00
62,Jamaica,32,0,7/6/2009 9:00
63,Japan,1790,0,7/6/2009 9:00
64,Jordan,23,0,7/6/2009 9:00
65,Kenya,15,0,7/6/2009 9:00
66,"Korea, Republic of",202,0,7/6/2009 9:00
67,Kuwait,35,0,7/6/2009 9:00
68,Laos,5,0,7/6/2009 9:00
69,Latvia,1,0,7/6/2009 9:00
70,Lebanon,49,0,7/6/2009 9:00
71,Libya,1,0,7/6/2009 9:00
72,Lithuania,3,0,7/6/2009 9:00
73,Luxembourg,6,0,7/6/2009 9:00
74,Malaysia,112,0,7/6/2009 9:00
75,Malta,24,0,7/6/2009 9:00
76,Mauritius,1,0,7/6/2009 9:00
77,Mexico,10262,119,7/6/2009 9:00
78,Montenegro,10,0,7/6/2009 9:00
79,Morocco,17,0,7/6/2009 9:00
80,Myanmar,1,0,7/6/2009 9:00
81,Nepal,5,0,7/6/2009 9:00
82,Netherlands,135,0,7/6/2009 9:00
83,"     Netherlands, Aruba",5,0,7/6/2009 9:00
84,"     Netherlands Antilles, Curaçao",8,0,7/6/2009 9:00
85,"     Netherlands Antilles, Sint Maarten",7,0,7/6/2009 9:00
86,New Zealand,1059,3,7/6/2009 9:00
87,Nicaragua,321,0,7/6/2009 9:00
88,Norway,41,0,7/6/2009 9:00
89,Oman,4,0,7/6/2009 9:00
90,Palau,1,0,7/6/2009 9:00
91,Panama,417,0,7/6/2009 9:00
92,Papua New Guinea,1,0,7/6/2009 9:00
93,Paraguay,106,1,7/6/2009 9:00
94,Peru,916,0,7/6/2009 9:00
95,Philippines,1709,1,7/6/2009 9:00
96,Poland,25,0,7/6/2009 9:00
97,Portugal,42,0,7/6/2009 9:00
98,Qatar,23,0,7/6/2009 9:00
99,Romania,41,0,7/6/2009 9:00
100,Russia,3,0,7/6/2009 9:00
101,Saint Lucia,1,0,7/6/2009 9:00
102,Samoa,1,0,7/6/2009 9:00
103,Saudi Arabia,114,0,7/6/2009 9:00
104,Serbia,15,0,7/6/2009 9:00
105,Singapore,1055,0,7/6/2009 9:00
106,Slovakia,18,0,7/6/2009 9:00
107,Slovenia,14,0,7/6/2009 9:00
108,South Africa,18,0,7/6/2009 9:00
109,Spain,776,1,7/6/2009 9:00
110,Sri Lanka,19,0,7/6/2009 9:00
111,Suriname,11,0,7/6/2009 9:00
112,Sweden,84,0,7/6/2009 9:00
113,Switzerland,76,0,7/6/2009 9:00
114,Syria,1,0,7/6/2009 9:00
115,Thailand,2076,7,7/6/2009 9:00
116,The former Yugoslav Republic of Macedonia,2,0,7/6/2009 9:00
117,Trinidad and Tobago,65,0,7/6/2009 9:00
118,Tunisia,5,0,7/6/2009 9:00
119,Turkey,40,0,7/6/2009 9:00
120,Uganda,1,0,7/6/2009 9:00
121,Ukraine,1,0,7/6/2009 9:00
122,United Arab Emirates,8,0,7/6/2009 9:00
123,United Kingdom,7447,3,7/6/2009 9:00
124,"     Guernsey, Crown Dependency",5,0,7/6/2009 9:00
125,"     Isle of Man, Crown Dependency",1,0,7/6/2009 9:00
126,"     Jersey, Crown Dependency",11,0,7/6/2009 9:00
127,United States of America,33902,170,7/6/2009 9:00
128,     Puerto Rico,18,0,7/6/2009 9:00
129,     Virgin Islands,1,0,7/6/2009 9:00
130,Uruguay,195,4,7/6/2009 9:00
131,Vanuatu,2,0,7/6/2009 9:00
132,Venezuela,206,0,7/6/2009 9:00
133,Viet Nam,181,0,7/6/2009 9:00
134,West Bank and Gaza Strip,60,0,7/6/2009 9:00
135,Yemen,8,0,7/6/2009 9:00
136,Grand Total,94512,429,7/6/2009 9:00
137,Algeria,5,0,7/3/2009 9:00
138,Antigua and Barbuda,2,0,7/3/2009 9:00
139,Argentina,1587,26,7/3/2009 9:00
140,Australia,4568,9,7/3/2009 9:00
141,Austria,15,0,7/3/2009 9:00
142,Bahamas,6,0,7/3/2009 9:00
143,Bahrain,15,0,7/3/2009 9:00
144,Bangladesh,12,0,7/3/2009 9:00
145,Barbados,12,0,7/3/2009 9:00
146,Belgium,49,0,7/3/2009 9:00
147,"Bermuda, UKOT",1,0,7/3/2009 9:00
148,Bolivia,283,0,7/3/2009 9:00
149,Bosnia and Hezegovina,1,0,7/3/2009 9:00
150,Brazil,737,1,7/3/2009 9:00
151,"British Virgin Islands, UKOT",2,0,7/3/2009 9:00
152,Brunei Darussalam,85,0,7/3/2009 9:00
153,Bulgaria,10,0,7/3/2009 9:00
154,Cambodia,7,0,7/3/2009 9:00
155,Canada,7983,25,7/3/2009 9:00
156,Cap Verde,3,0,7/3/2009 9:00
157,"Cayman Islands, UKOT",14,0,7/3/2009 9:00
158,Chile,7376,14,7/3/2009 9:00
159,China,1814,0,7/3/2009 9:00
160,Colombia,101,2,7/3/2009 9:00
161,Costa Rica*,227,2,7/3/2009 9:00
162,Cote d'Ivoire,2,0,7/3/2009 9:00
163,Cuba,73,0,7/3/2009 9:00
164,Cyprus,70,0,7/3/2009 9:00
165,Czech Republic,15,0,7/3/2009 9:00
166,Denmark,63,0,7/3/2009 9:00
167,Dominica,1,0,7/3/2009 9:00
168,Dominican Republic,108,2,7/3/2009 9:00
169,Ecuador,163,0,7/3/2009 9:00
170,Egypt,67,0,7/3/2009 9:00
171,El Salvador,253,0,7/3/2009 9:00
172,Estonia,13,0,7/3/2009 9:00
173,Ethiopia,3,0,7/3/2009 9:00
174,Fiji,2,0,7/3/2009 9:00
175,Finland,43,0,7/3/2009 9:00
176,France,300,0,7/3/2009 9:00
177,"    French Polynesia, FOC",2,0,7/3/2009 9:00
178,"    Martinique, FOC",2,0,7/3/2009 9:00
179,"    France, New Caledonia, FOC",6,0,7/3/2009 9:00
180,Germany,470,0,7/3/2009 9:00
181,Greece,109,0,7/3/2009 9:00
182,Guatemala ,254,2,7/3/2009 9:00
183,Honduras,123,1,7/3/2009 9:00
184,Hungary,11,0,7/3/2009 9:00
185,Iceland,4,0,7/3/2009 9:00
186,India,104,0,7/3/2009 9:00
187,Indonesia,8,0,7/3/2009 9:00
188,Iran,1,0,7/3/2009 9:00
189,Iraq,11,0,7/3/2009 9:00
190,Ireland,51,0,7/3/2009 9:00
191,Israel,577,0,7/3/2009 9:00
192,Italy,130,0,7/3/2009 9:00
193,Jamaica,32,0,7/3/2009 9:00
194,Japan,1446,0,7/3/2009 9:00
195,Jordan,22,0,7/3/2009 9:00
196,Kenya,12,0,7/3/2009 9:00
197,"Korea, Republic of",202,0,7/3/2009 9:00
198,Kuwait,35,0,7/3/2009 9:00
199,Laos,3,0,7/3/2009 9:00
200,Latvia,1,0,7/3/2009 9:00
201,Lebanon,47,0,7/3/2009 9:00
202,Lithuania,3,0,7/3/2009 9:00
203,Luxembourg,4,0,7/3/2009 9:00
204,Malaysia,112,0,7/3/2009 9:00
205,Malta,2,0,7/3/2009 9:00
206,Mauritius,1,0,7/3/2009 9:00
207,Mexico,10262,119,7/3/2009 9:00
208,Montenegro,9,0,7/3/2009 9:00
209,Morocco,17,0,7/3/2009 9:00
210,Myanmar,1,0,7/3/2009 9:00
211,Nepal,5,0,7/3/2009 9:00
212,Netherlands,134,0,7/3/2009 9:00
213,"     Netherlands, Aruba",5,0,7/3/2009 9:00
214,"     Netherlands Antilles, Curaçao",8,0,7/3/2009 9:00
215,"     Netherlands Antilles, Sint Maarten",7,0,7/3/2009 9:00
216,New Zealand,912,0,7/3/2009 9:00
217,Nicaragua,308,0,7/3/2009 9:00
218,Norway,41,0,7/3/2009 9:00
219,Oman,3,0,7/3/2009 9:00
220,Palau,1,0,7/3/2009 9:00
221,Panama,417,0,7/3/2009 9:00
222,Papua New Guinea,1,0,7/3/2009 9:00
223,Paraguay,103,0,7/3/2009 9:00
224,Peru,538,0,7/3/2009 9:00
225,Philippines,1709,1,7/3/2009 9:00
226,Poland,19,0,7/3/2009 9:00
227,Portugal,27,0,7/3/2009 9:00
228,Qatar,10,0,7/3/2009 9:00
229,Romania,36,0,7/3/2009 9:00
230,Russia,3,0,7/3/2009 9:00
231,Saint Lucia,1,0,7/3/2009 9:00
232,Samoa,1,0,7/3/2009 9:00
233,Saudi Arabia,89,0,7/3/2009 9:00
234,Serbia,15,0,7/3/2009 9:00
235,Singapore,878,0,7/3/2009 9:00
236,Slovakia,18,0,7/3/2009 9:00
237,Slovenia,5,0,7/3/2009 9:00
238,South Africa,12,0,7/3/2009 9:00
239,Spain,760,1,7/3/2009 9:00
240,Sri Lanka,17,0,7/3/2009 9:00
241,Suriname,11,0,7/3/2009 9:00
242,Sweden,74,0,7/3/2009 9:00
243,Switzerland,72,0,7/3/2009 9:00
244,Thailand,1414,3,7/3/2009 9:00
245,Trinidad and Tobago,53,0,7/3/2009 9:00
246,Tunisia,3,0,7/3/2009 9:00
247,Turkey,40,0,7/3/2009 9:00
248,Uganda,1,0,7/3/2009 9:00
249,Ukraine,1,0,7/3/2009 9:00
250,United Arab Emirates,8,0,7/3/2009 9:00
251,United Kingdom,7447,3,7/3/2009 9:00
252,"     Guernsey, Crown Dependency",5,0,7/3/2009 9:00
253,"     Isle of Man, Crown Dependency",1,0,7/3/2009 9:00
254,"     Jersey, Crown Dependency",11,0,7/3/2009 9:00
255,United States of America,33902,170,7/3/2009 9:00
256,Uruguay,195,1,7/3/2009 9:00
257,Vanuatu,2,0,7/3/2009 9:00
258,Venezuela,204,0,7/3/2009 9:00
259,Viet Nam,131,0,7/3/2009 9:00
260,West Bank and Gaza Strip,30,0,7/3/2009 9:00
261,Yemen,7,0,7/3/2009 9:00
262,Grand Total,89921,382,7/3/2009 9:00
263,Algeria,2,0,7/1/2009 9:00
264,Antigua and Barbuda,2,0,7/1/2009 9:00
265,Argentina,1587,26,7/1/2009 9:00
266,Australia,4090,7,7/1/2009 9:00
267,Austria,15,0,7/1/2009 9:00
268,Bahamas,6,0,7/1/2009 9:00
269,Bahrain,15,0,7/1/2009 9:00
270,Bangladesh,1,0,7/1/2009 9:00
271,Barbados,10,0,7/1/2009 9:00
272,Belgium,47,0,7/1/2009 9:00
273,"Bermuda, UKOT",1,0,7/1/2009 9:00
274,Bolivia,205,0,7/1/2009 9:00
275,Brazil,680,1,7/1/2009 9:00
276,"British Virgin Islands, UKOT",1,0,7/1/2009 9:00
277,Brunei Darussalam,29,0,7/1/2009 9:00
278,Bulgaria,10,0,7/1/2009 9:00
279,Cambodia,6,0,7/1/2009 9:00
280,Canada,7983,25,7/1/2009 9:00
281,Cap Verde,3,0,7/1/2009 9:00
282,"Cayman Islands, UKOT",13,0,7/1/2009 9:00
283,Chile,6211,12,7/1/2009 9:00
284,China,1518,0,7/1/2009 9:00
285,Colombia,93,2,7/1/2009 9:00
286,Costa Rica,279,2,7/1/2009 9:00
287,Cote d'Ivoire,2,0,7/1/2009 9:00
288,Cuba,46,0,7/1/2009 9:00
289,Cyprus,48,0,7/1/2009 9:00
290,Czech Republic,9,0,7/1/2009 9:00
291,Denmark,55,0,7/1/2009 9:00
292,Dominica,1,0,7/1/2009 9:00
293,Dominican Republic,108,2,7/1/2009 9:00
294,Ecuador,163,0,7/1/2009 9:00
295,Egypt,67,0,7/1/2009 9:00
296,El Salvador,226,0,7/1/2009 9:00
297,Estonia,13,0,7/1/2009 9:00
298,Ethiopia,2,0,7/1/2009 9:00
299,Fiji,2,0,7/1/2009 9:00
300,Finland,26,0,7/1/2009 9:00
301,France,277,0,7/1/2009 9:00
302,"    French Polynesia, FOC",2,0,7/1/2009 9:00
303,"    Martinique, FOC",2,0,7/1/2009 9:00
304,"    France, New Caledonia, FOC",6,0,7/1/2009 9:00
305,Germany,417,0,7/1/2009 9:00
306,Greece,92,0,7/1/2009 9:00
307,Guatemala ,254,2,7/1/2009 9:00
308,Honduras,118,1,7/1/2009 9:00
309,Hungary,10,0,7/1/2009 9:00
310,Iceland,4,0,7/1/2009 9:00
311,India,104,0,7/1/2009 9:00
312,Indonesia,8,0,7/1/2009 9:00
313,Iran,1,0,7/1/2009 9:00
314,Iraq,11,0,7/1/2009 9:00
315,Ireland,41,0,7/1/2009 9:00
316,Israel,506,0,7/1/2009 9:00
317,Italy,123,0,7/1/2009 9:00
318,Jamaica,32,0,7/1/2009 9:00
319,Japan,1266,0,7/1/2009 9:00
320,Jordan,20,0,7/1/2009 9:00
321,Kenya,1,0,7/1/2009 9:00
322,"Korea, Republic of",202,0,7/1/2009 9:00
323,Kuwait,34,0,7/1/2009 9:00
324,Laos,3,0,7/1/2009 9:00
325,Latvia,1,0,7/1/2009 9:00
326,Lebanon,39,0,7/1/2009 9:00
327,Lithuania,1,0,7/1/2009 9:00
328,Luxembourg,4,0,7/1/2009 9:00
329,Malaysia,112,0,7/1/2009 9:00
330,Mauritius,7,0,7/1/2009 9:00
331,Mexico,8680,116,7/1/2009 9:00
332,Montenegro,4,0,7/1/2009 9:00
333,Morocco,17,0,7/1/2009 9:00
334,Myanmar,1,0,7/1/2009 9:00
335,Nepal,3,0,7/1/2009 9:00
336,Netherlands,128,0,7/1/2009 9:00
337,"     Netherlands Antilles, Curaçao",7,0,7/1/2009 9:00
338,"     Netherlands Antilles, Sint Maarten",7,0,7/1/2009 9:00
339,New Zealand,711,0,7/1/2009 9:00
340,Nicaragua,293,0,7/1/2009 9:00
341,Norway,32,0,7/1/2009 9:00
342,Oman,3,0,7/1/2009 9:00
343,Panama,417,0,7/1/2009 9:00
344,Papua New Guinea,1,0,7/1/2009 9:00
345,Paraguay,96,0,7/1/2009 9:00
346,Peru,538,0,7/1/2009 9:00
347,Philippines,861,1,7/1/2009 9:00
348,Poland,15,0,7/1/2009 9:00
349,Portugal,17,0,7/1/2009 9:00
350,Qatar,10,0,7/1/2009 9:00
351,Romania,28,0,7/1/2009 9:00
352,Russia,3,0,7/1/2009 9:00
353,Saint Lucia,1,0,7/1/2009 9:00
354,Samoa,1,0,7/1/2009 9:00
355,Saudi Arabia,81,0,7/1/2009 9:00
356,Serbia,12,0,7/1/2009 9:00
357,Singapore,701,0,7/1/2009 9:00
358,Slovakia,13,0,7/1/2009 9:00
359,Slovenia,4,0,7/1/2009 9:00
360,South Africa,1,0,7/1/2009 9:00
361,Spain,717,1,7/1/2009 9:00
362,Sri Lanka,15,0,7/1/2009 9:00
363,Suriname,11,0,7/1/2009 9:00
364,Sweden,69,0,7/1/2009 9:00
365,Switzerland,56,0,7/1/2009 9:00
366,Thailand,1414,3,7/1/2009 9:00
367,Trinidad and Tobago,53,0,7/1/2009 9:00
368,Tunisia,3,0,7/1/2009 9:00
369,Turkey,32,0,7/1/2009 9:00
370,Ukraine,1,0,7/1/2009 9:00
371,United Arab Emirates,8,0,7/1/2009 9:00
372,United Kingdom,6538,3,7/1/2009 9:00
373,"     Guernsey, Crown Dependency",5,0,7/1/2009 9:00
374,"     Isle of Man, Crown Dependency",1,0,7/1/2009 9:00
375,"     Jersey, Crown Dependency",8,0,7/1/2009 9:00
376,United States of America,27717,127,7/1/2009 9:00
377,Uruguay,195,1,7/1/2009 9:00
378,Vanuatu,2,0,7/1/2009 9:00
379,Venezuela,193,0,7/1/2009 9:00
380,Viet Nam,123,0,7/1/2009 9:00
381,West Bank and Gaza Strip,13,0,7/1/2009 9:00
382,Yemen,7,0,7/1/2009 9:00
383,Grand Total,77201,332,7/1/2009 9:00
384,Algeria,2,0,6/29/2009 9:00
385,Antigua and Barbuda,2,0,6/29/2009 9:00
386,Argentina,1488,23,6/29/2009 9:00
387,Australia,4038,7,6/29/2009 9:00
388,Austria,12,0,6/29/2009 9:00
389,Bahamas,4,0,6/29/2009 9:00
390,Bahrain,15,0,6/29/2009 9:00
391,Bangladesh,1,0,6/29/2009 9:00
392,Barbados,10,0,6/29/2009 9:00
393,Belgium,43,0,6/29/2009 9:00
394,"Bermuda, UKOT",1,0,6/29/2009 9:00
395,Bolivia,126,0,6/29/2009 9:00
396,Brazil,452,0,6/29/2009 9:00
397,"British Virgin Islands, UKOT",1,0,6/29/2009 9:00
398,Brunei Darussalam,29,0,6/29/2009 9:00
399,Bulgaria,7,0,6/29/2009 9:00
400,Cambodia,6,0,6/29/2009 9:00
401,Canada,7775,21,6/29/2009 9:00
402,Cap Verde,3,0,6/29/2009 9:00
403,"Cayman Islands, UKOT",9,0,6/29/2009 9:00
404,Chile,5186,7,6/29/2009 9:00
405,China,1442,0,6/29/2009 9:00
406,Colombia,88,2,6/29/2009 9:00
407,Costa Rica,255,1,6/29/2009 9:00
408,Cote d'Ivoire,2,0,6/29/2009 9:00
409,Cuba,34,0,6/29/2009 9:00
410,Cyprus,25,0,6/29/2009 9:00
411,Czech Republic,9,0,6/29/2009 9:00
412,Denmark,44,0,6/29/2009 9:00
413,Dominica,1,0,6/29/2009 9:00
414,Dominican Republic,108,2,6/29/2009 9:00
415,Ecuador,125,0,6/29/2009 9:00
416,Egypt,50,0,6/29/2009 9:00
417,El Salvador,226,0,6/29/2009 9:00
418,Estonia,13,0,6/29/2009 9:00
419,Ethiopia,2,0,6/29/2009 9:00
420,Fiji,2,0,6/29/2009 9:00
421,Finland,26,0,6/29/2009 9:00
422,France,235,0,6/29/2009 9:00
423,"    French Polynesia, FOC",3,0,6/29/2009 9:00
424,"    Martinique, FOC",2,0,6/29/2009 9:00
425,Germany,366,0,6/29/2009 9:00
426,Greece,86,0,6/29/2009 9:00
427,Guatemala ,254,2,6/29/2009 9:00
428,Honduras,118,1,6/29/2009 9:00
429,Hungary,8,0,6/29/2009 9:00
430,Iceland,4,0,6/29/2009 9:00
431,India,64,0,6/29/2009 9:00
432,Indonesia,8,0,6/29/2009 9:00
433,Iran,1,0,6/29/2009 9:00
434,Iraq,10,0,6/29/2009 9:00
435,Ireland,39,0,6/29/2009 9:00
436,Israel,469,0,6/29/2009 9:00
437,Italy,112,0,6/29/2009 9:00
438,Jamaica,21,0,6/29/2009 9:00
439,Japan,1212,0,6/29/2009 9:00
440,Jordan,18,0,6/29/2009 9:00
441,"Korea, Republic of",202,0,6/29/2009 9:00
442,Kuwait,30,0,6/29/2009 9:00
443,Laos,3,0,6/29/2009 9:00
444,Latvia,1,0,6/29/2009 9:00
445,Lebanon,25,0,6/29/2009 9:00
446,Lithuania,1,0,6/29/2009 9:00
447,Luxembourg,4,0,6/29/2009 9:00
448,Malaysia,112,0,6/29/2009 9:00
449,Mexico,8279,116,6/29/2009 9:00
450,Monaco,1,0,6/29/2009 9:00
451,Montenegro,1,0,6/29/2009 9:00
452,Morocco,11,0,6/29/2009 9:00
453,Nepal,3,0,6/29/2009 9:00
454,Netherlands,118,0,6/29/2009 9:00
455,"     Netherlands Antilles, Curaçao *",3,0,6/29/2009 9:00
456,"     Netherlands Antilles, Sint Maarten",1,0,6/29/2009 9:00
457,New Zealand,587,0,6/29/2009 9:00
458,Nicaragua,277,0,6/29/2009 9:00
459,Norway,31,0,6/29/2009 9:00
460,Oman,3,0,6/29/2009 9:00
461,Panama,403,0,6/29/2009 9:00
462,Papua New Guinea,1,0,6/29/2009 9:00
463,Paraguay,85,0,6/29/2009 9:00
464,Peru,360,0,6/29/2009 9:00
465,Philippines,861,1,6/29/2009 9:00
466,Poland,14,0,6/29/2009 9:00
467,Portugal,11,0,6/29/2009 9:00
468,Qatar,10,0,6/29/2009 9:00
469,Romania,24,0,6/29/2009 9:00
470,Russia,3,0,6/29/2009 9:00
471,Samoa,1,0,6/29/2009 9:00
472,Saudi Arabia,69,0,6/29/2009 9:00
473,Serbia,5,0,6/29/2009 9:00
474,Singapore,599,0,6/29/2009 9:00
475,Slovakia,9,0,6/29/2009 9:00
476,Slovenia,4,0,6/29/2009 9:00
477,South Africa,1,0,6/29/2009 9:00
478,Spain,541,0,6/29/2009 9:00
479,Sri Lanka,9,0,6/29/2009 9:00
480,Suriname,11,0,6/29/2009 9:00
481,Sweden,67,0,6/29/2009 9:00
482,Switzerland,49,0,6/29/2009 9:00
483,Thailand,774,0,6/29/2009 9:00
484,Trinidad and Tobago,53,0,6/29/2009 9:00
485,Tunisia,2,0,6/29/2009 9:00
486,Turkey,27,0,6/29/2009 9:00
487,Ukraine,1,0,6/29/2009 9:00
488,United Arab Emirates,8,0,6/29/2009 9:00
489,United Kingdom,4250,1,6/29/2009 9:00
490,"     Guernsey, Crown Dependency",1,0,6/29/2009 9:00
491,"     Isle of Man, Crown Dependency",1,0,6/29/2009 9:00
492,"     Jersey, Crown Dependency",8,0,6/29/2009 9:00
493,United States of America,27717,127,6/29/2009 9:00
494,Uruguay,195,0,6/29/2009 9:00
495,Vanuatu,2,0,6/29/2009 9:00
496,Venezuela,172,0,6/29/2009 9:00
497,Viet Nam,84,0,6/29/2009 9:00
498,West Bank and Gaza Strip,9,0,6/29/2009 9:00
499,Yemen,6,0,6/29/2009 9:00
500,Algeria,2,0,6/26/2009 7:00
501,Antigua and Barbuda,2,0,6/26/2009 7:00
502,Argentina,1391,21,6/26/2009 7:00
503,Australia,3280,3,6/26/2009 7:00
504,Austria,12,0,6/26/2009 7:00
505,Bahamas,4,0,6/26/2009 7:00
506,Bahrain,15,0,6/26/2009 7:00
507,Bangladesh,1,0,6/26/2009 7:00
508,Barbados,10,0,6/26/2009 7:00
509,Belgium,36,0,6/26/2009 7:00
510,"Bermuda, UKOT",1,0,6/26/2009 7:00
511,Bolivia,47,0,6/26/2009 7:00
512,Brazil,399,0,6/26/2009 7:00
513,"British Virgin Islands, UKOT",1,0,6/26/2009 7:00
514,Brunei Darussalam,11,0,6/26/2009 7:00
515,Bulgaria,7,0,6/26/2009 7:00
516,Cambodia,5,0,6/26/2009 7:00
517,Canada,6732,19,6/26/2009 7:00
518,Cap Verde,3,0,6/26/2009 7:00
519,"Cayman Islands, UKOT",9,0,6/26/2009 7:00
520,Chile,5186,7,6/26/2009 7:00
521,China,1089,0,6/26/2009 7:00
522,Colombia,72,2,6/26/2009 7:00
523,Costa Rica,222,1,6/26/2009 7:00
524,Cote d'Ivoire,2,0,6/26/2009 7:00
525,Cuba,34,0,6/26/2009 7:00
526,Cyprus,9,0,6/26/2009 7:00
527,Czech Republic,9,0,6/26/2009 7:00
528,Denmark,41,0,6/26/2009 7:00
529,Dominica,1,0,6/26/2009 7:00
530,Dominican Republic,108,2,6/26/2009 7:00
531,Ecuador,125,0,6/26/2009 7:00
532,Egypt,43,0,6/26/2009 7:00
533,El Salvador,160,0,6/26/2009 7:00
534,Estonia,8,0,6/26/2009 7:00
535,Ethiopia,2,0,6/26/2009 7:00
536,Fiji,2,0,6/26/2009 7:00
537,Finland,26,0,6/26/2009 7:00
538,France,191,0,6/26/2009 7:00
539,"    French Polynesia, FOC",1,0,6/26/2009 7:00
540,"    Martinique, FOC",2,0,6/26/2009 7:00
541,Germany,333,0,6/26/2009 7:00
542,Greece,73,0,6/26/2009 7:00
543,Guatemala ,254,2,6/26/2009 7:00
544,Honduras,118,1,6/26/2009 7:00
545,Hungary,8,0,6/26/2009 7:00
546,Iceland,4,0,6/26/2009 7:00
547,India,64,0,6/26/2009 7:00
548,Indonesia,2,0,6/26/2009 7:00
549,Iran,1,0,6/26/2009 7:00
550,Ireland,29,0,6/26/2009 7:00
551,Israel,405,0,6/26/2009 7:00
552,Italy,102,0,6/26/2009 7:00
553,Jamaica,19,0,6/26/2009 7:00
554,Japan,1049,0,6/26/2009 7:00
555,Jordan,15,0,6/26/2009 7:00
556,"Korea, Republic of",142,0,6/26/2009 7:00
557,Kuwait,30,0,6/26/2009 7:00
558,Laos,3,0,6/26/2009 7:00
559,Latvia,1,0,6/26/2009 7:00
560,Lebanon,25,0,6/26/2009 7:00
561,Luxembourg,3,0,6/26/2009 7:00
562,Malaysia,68,0,6/26/2009 7:00
563,Mexico,8279,116,6/26/2009 7:00
564,Montenegro,1,0,6/26/2009 7:00
565,Morocco,11,0,6/26/2009 7:00
566,Netherlands,116,0,6/26/2009 7:00
567,"     Netherlands Antilles, Curaçao *",3,0,6/26/2009 7:00
568,"     Netherlands Antilles, Sint Maarten",1,0,6/26/2009 7:00
569,New Zealand,453,0,6/26/2009 7:00
570,Nicaragua,265,0,6/26/2009 7:00
571,Norway,22,0,6/26/2009 7:00
572,Oman,3,0,6/26/2009 7:00
573,Panama,358,0,6/26/2009 7:00
574,Papua New Guinea,1,0,6/26/2009 7:00
575,Paraguay,79,0,6/26/2009 7:00
576,Peru,252,0,6/26/2009 7:00
577,Philippines,445,1,6/26/2009 7:00
578,Poland,13,0,6/26/2009 7:00
579,Portugal,7,0,6/26/2009 7:00
580,Qatar,10,0,6/26/2009 7:00
581,Romania,19,0,6/26/2009 7:00
582,Russia,3,0,6/26/2009 7:00
583,Samoa,1,0,6/26/2009 7:00
584,Saudi Arabia,48,0,6/26/2009 7:00
585,Serbia,2,0,6/26/2009 7:00
586,Singapore,315,0,6/26/2009 7:00
587,Slovakia,7,0,6/26/2009 7:00
588,Slovenia,3,0,6/26/2009 7:00
589,South Africa,1,0,6/26/2009 7:00
590,Spain,541,0,6/26/2009 7:00
591,Sri Lanka,7,0,6/26/2009 7:00
592,Suriname,11,0,6/26/2009 7:00
593,Sweden,61,0,6/26/2009 7:00
594,Switzerland,47,0,6/26/2009 7:00
595,Thailand,774,0,6/26/2009 7:00
596,Trinidad and Tobago,25,0,6/26/2009 7:00
597,Tunisia,2,0,6/26/2009 7:00
598,Turkey,26,0,6/26/2009 7:00
599,Ukraine,1,0,6/26/2009 7:00
600,United Arab Emirates,7,0,6/26/2009 7:00
601,United Kingdom,3597,1,6/26/2009 7:00
602,"     Guernsey, Crown Dependency",1,0,6/26/2009 7:00
603,"     Isle of Man, Crown Dependency",1,0,6/26/2009 7:00
604,"     Jersey, Crown Dependency",8,0,6/26/2009 7:00
605,United States of America,21449,87,6/26/2009 7:00
606,Uruguay,195,0,6/26/2009 7:00
607,Vanuatu,2,0,6/26/2009 7:00
608,Venezuela,153,0,6/26/2009 7:00
609,Viet Nam,63,0,6/26/2009 7:00
610,West Bank and Gaza Strip,9,0,6/26/2009 7:00
611,Yemen,6,0,6/26/2009 7:00
612,Grand Total,59814,263,6/26/2009 7:00
613,Algeria,2,0,6/24/2009 7:00
614,Antigua and Barbuda,2,0,6/24/2009 7:00
615,Argentina,1213,7,6/24/2009 7:00
616,Australia,2857,2,6/24/2009 7:00
617,Austria,12,0,6/24/2009 7:00
618,Bahamas,4,0,6/24/2009 7:00
619,Bahrain,15,0,6/24/2009 7:00
620,Bangladesh,1,0,6/24/2009 7:00
621,Barbados,5,0,6/24/2009 7:00
622,Belgium,30,0,6/24/2009 7:00
623,"Bermuda, UKOT",1,0,6/24/2009 7:00
624,Bolivia,44,0,6/24/2009 7:00
625,Brazil,334,0,6/24/2009 7:00
626,"British Virgin Islands, UKOT",1,0,6/24/2009 7:00
627,Brunei Darussalam,4,0,6/24/2009 7:00
628,Bulgaria,5,0,6/24/2009 7:00
629,Cambodia,1,0,6/24/2009 7:00
630,Canada,6457,15,6/24/2009 7:00
631,Cap Verde,3,0,6/24/2009 7:00
632,"Cayman Islands, UKOT",7,0,6/24/2009 7:00
633,Chile,4315,4,6/24/2009 7:00
634,China,906,0,6/24/2009 7:00
635,Colombia,71,2,6/24/2009 7:00
636,Costa Rica,189,1,6/24/2009 7:00
637,Cote d'Ivoire,2,0,6/24/2009 7:00
638,Cuba,15,0,6/24/2009 7:00
639,Cyprus,5,0,6/24/2009 7:00
640,Czech Republic,7,0,6/24/2009 7:00
641,Denmark,34,0,6/24/2009 7:00
642,Dominica,1,0,6/24/2009 7:00
643,Dominican Republic,108,2,6/24/2009 7:00
644,Ecuador,115,0,6/24/2009 7:00
645,Egypt,40,0,6/24/2009 7:00
646,El Salvador,160,0,6/24/2009 7:00
647,Estonia,5,0,6/24/2009 7:00
648,Ethiopia,2,0,6/24/2009 7:00
649,Fiji,2,0,6/24/2009 7:00
650,Finland,26,0,6/24/2009 7:00
651,France,171,0,6/24/2009 7:00
652,"    French Polynesia, FOC",1,0,6/24/2009 7:00
653,"    Martinique, FOC",2,0,6/24/2009 7:00
654,Germany,301,0,6/24/2009 7:00
655,Greece,58,0,6/24/2009 7:00
656,Guatemala ,235,1,6/24/2009 7:00
657,Honduras,118,0,6/24/2009 7:00
658,Hungary,7,0,6/24/2009 7:00
659,Iceland,4,0,6/24/2009 7:00
660,India,64,0,6/24/2009 7:00
661,Ireland,23,0,6/24/2009 7:00
662,Israel,375,0,6/24/2009 7:00
663,Italy,96,0,6/24/2009 7:00
664,Jamaica,19,0,6/24/2009 7:00
665,Japan,893,0,6/24/2009 7:00
666,Jordan,15,0,6/24/2009 7:00
667,"Korea, Republic of",115,0,6/24/2009 7:00
668,Kuwait,26,0,6/24/2009 7:00
669,Laos,3,0,6/24/2009 7:00
670,Latvia,1,0,6/24/2009 7:00
671,Lebanon,25,0,6/24/2009 7:00
672,Luxembourg,3,0,6/24/2009 7:00
673,Malaysia,68,0,6/24/2009 7:00
674,Mexico,7847,115,6/24/2009 7:00
675,Montenegro,1,0,6/24/2009 7:00
676,Morocco,9,0,6/24/2009 7:00
677,Netherlands,110,0,6/24/2009 7:00
678,"     Netherlands Antilles, Curaçao *",3,0,6/24/2009 7:00
679,"     Netherlands Antilles, Sint Maarten",1,0,6/24/2009 7:00
680,New Zealand,386,0,6/24/2009 7:00
681,Nicaragua,220,0,6/24/2009 7:00
682,Norway,22,0,6/24/2009 7:00
683,Oman,3,0,6/24/2009 7:00
684,Panama,330,0,6/24/2009 7:00
685,Papua New Guinea,1,0,6/24/2009 7:00
686,Paraguay,58,0,6/24/2009 7:00
687,Peru,217,0,6/24/2009 7:00
688,Philippines,445,1,6/24/2009 7:00
689,Poland,13,0,6/24/2009 7:00
690,Portugal,6,0,6/24/2009 7:00
691,Qatar,10,0,6/24/2009 7:00
692,Romania,19,0,6/24/2009 7:00
693,Russia,3,0,6/24/2009 7:00
694,Samoa,1,0,6/24/2009 7:00
695,Saudi Arabia,45,0,6/24/2009 7:00
696,Singapore,194,0,6/24/2009 7:00
697,Slovakia,4,0,6/24/2009 7:00
698,Slovenia,1,0,6/24/2009 7:00
699,South Africa,1,0,6/24/2009 7:00
700,Spain,539,0,6/24/2009 7:00
701,Sri Lanka,5,0,6/24/2009 7:00
702,Suriname,11,0,6/24/2009 7:00
703,Sweden,55,0,6/24/2009 7:00
704,Switzerland,33,0,6/24/2009 7:00
705,Thailand,774,0,6/24/2009 7:00
706,Trinidad and Tobago,25,0,6/24/2009 7:00
707,Tunisia,2,0,6/24/2009 7:00
708,Turkey,26,0,6/24/2009 7:00
709,Ukraine,1,0,6/24/2009 7:00
710,United Arab Emirates,2,0,6/24/2009 7:00
711,United Kingdom,2905,1,6/24/2009 7:00
712,"     Isle of Man, Crown Dependency",1,0,6/24/2009 7:00
713,"     Jersey, Crown Dependency",3,0,6/24/2009 7:00
714,United States of America,21449,87,6/24/2009 7:00
715,Uruguay,195,0,6/24/2009 7:00
716,Vanuatu,1,,6/24/2009 7:00
717,Venezuela,135,0,6/24/2009 7:00
718,Viet Nam,56,0,6/24/2009 7:00
719,West Bank and Gaza Strip,8,0,6/24/2009 7:00
720,Yemen,6,0,6/24/2009 7:00
721,Grand Total,55867,238,6/24/2009 7:00
722,Algeria,1,0,6/22/2009 7:00
723,Argentina,1010,7,6/22/2009 7:00
724,Australia,2436,1,6/22/2009 7:00
725,Austria,9,0,6/22/2009 7:00
726,Bahamas,2,0,6/22/2009 7:00
727,Bahrain,15,0,6/22/2009 7:00
728,Bangladesh,1,0,6/22/2009 7:00
729,Barbados,4,0,6/22/2009 7:00
730,Belgium,29,0,6/22/2009 7:00
731,"Bermuda, UKOT",1,0,6/22/2009 7:00
732,Bolivia,25,0,6/22/2009 7:00
733,Brazil,131,0,6/22/2009 7:00
734,"British Virgin Islands, UKOT",1,0,6/22/2009 7:00
735,Brunei Darussalam,1,0,6/22/2009 7:00
736,Bulgaria,2,0,6/22/2009 7:00
737,Canada,5710,13,6/22/2009 7:00
738,"Cayman Islands, UKOT",4,0,6/22/2009 7:00
739,Chile,4315,4,6/22/2009 7:00
740,China,739,0,6/22/2009 7:00
741,Colombia,71,2,6/22/2009 7:00
742,Costa Rica,149,1,6/22/2009 7:00
743,Cuba,15,0,6/22/2009 7:00
744,Cyprus,4,0,6/22/2009 7:00
745,Czech Republic,7,0,6/22/2009 7:00
746,Denmark,23,0,6/22/2009 7:00
747,Dominica,1,0,6/22/2009 7:00
748,Dominican Republic,93,1,6/22/2009 7:00
749,Ecuador,95,0,6/22/2009 7:00
750,Egypt,39,0,6/22/2009 7:00
751,El Salvador,160,0,6/22/2009 7:00
752,Estonia,5,0,6/22/2009 7:00
753,Fiji,1,0,6/22/2009 7:00
754,Finland,13,0,6/22/2009 7:00
755,France,147,0,6/22/2009 7:00
756,"    French Polynesia, FOC",1,0,6/22/2009 7:00
757,"    Martinique, FOC",1,0,6/22/2009 7:00
758,Germany,275,0,6/22/2009 7:00
759,Greece,48,0,6/22/2009 7:00
760,Guatemala ,208,1,6/22/2009 7:00
761,Honduras,108,0,6/22/2009 7:00
762,Hungary,7,0,6/22/2009 7:00
763,Iceland,4,0,6/22/2009 7:00
764,India,44,0,6/22/2009 7:00
765,Ireland,23,0,6/22/2009 7:00
766,Israel,291,0,6/22/2009 7:00
767,Italy,88,0,6/22/2009 7:00
768,Jamaica,19,0,6/22/2009 7:00
769,Japan,850,0,6/22/2009 7:00
770,Jordan,13,0,6/22/2009 7:00
771,"Korea, Republic of",105,0,6/22/2009 7:00
772,Kuwait,26,0,6/22/2009 7:00
773,Laos,2,0,6/22/2009 7:00
774,Lebanon,12,0,6/22/2009 7:00
775,Luxembourg,3,0,6/22/2009 7:00
776,Malaysia,23,0,6/22/2009 7:00
777,Mexico,7624,113,6/22/2009 7:00
778,Morocco *,6,0,6/22/2009 7:00
779,Netherlands,91,0,6/22/2009 7:00
780,"     Netherlands Antilles, Curaçao **",3,0,6/22/2009 7:00
781,"     Netherlands Antilles, Sint Maarten",1,0,6/22/2009 7:00
782,New Zealand,258,0,6/22/2009 7:00
783,Nicaragua,189,0,6/22/2009 7:00
784,Norway,17,0,6/22/2009 7:00
785,Oman,3,0,6/22/2009 7:00
786,Panama,330,0,6/22/2009 7:00
787,Papua New Guinea,1,0,6/22/2009 7:00
788,Paraguay,48,0,6/22/2009 7:00
789,Peru,185,0,6/22/2009 7:00
790,Philippines,344,0,6/22/2009 7:00
791,Poland,13,0,6/22/2009 7:00
792,Portugal,6,0,6/22/2009 7:00
793,Qatar,8,0,6/22/2009 7:00
794,Romania,18,0,6/22/2009 7:00
795,Russia,3,0,6/22/2009 7:00
796,Samoa,1,0,6/22/2009 7:00
797,Saudi Arabia,35,0,6/22/2009 7:00
798,Singapore,142,0,6/22/2009 7:00
799,Slovakia,3,0,6/22/2009 7:00
800,Slovenia,1,0,6/22/2009 7:00
801,South Africa,1,0,6/22/2009 7:00
802,Spain,522,0,6/22/2009 7:00
803,Sri Lanka,4,0,6/22/2009 7:00
804,Suriname,11,0,6/22/2009 7:00
805,Sweden,48,0,6/22/2009 7:00
806,Switzerland,31,0,6/22/2009 7:00
807,Thailand,589,0,6/22/2009 7:00
808,Trinidad and Tobago,18,0,6/22/2009 7:00
809,Turkey,20,0,6/22/2009 7:00
810,Ukraine,1,0,6/22/2009 7:00
811,United Arab Emirates,2,0,6/22/2009 7:00
812,United Kingdom,2506,1,6/22/2009 7:00
813,"     Isle of Man, Crown Dependency",1,0,6/22/2009 7:00
814,"     Jersey, Crown Dependency",1,0,6/22/2009 7:00
815,United States of America,21449,87,6/22/2009 7:00
816,Uruguay,36,0,6/22/2009 7:00
817,Venezuela,71,0,6/22/2009 7:00
818,Viet Nam,35,0,6/22/2009 7:00
819,West Bank and Gaza Strip,8,0,6/22/2009 7:00
820,Yemen,5,0,6/22/2009 7:00
821,Grand Total,52160,231,6/22/2009 7:00
822,Argentina,918,4,6/19/2009 7:00
823,Australia,2199,0,6/19/2009 7:00
824,Austria,8,0,6/19/2009 7:00
825,Bahamas,2,0,6/19/2009 7:00
826,Bahrain,12,0,6/19/2009 7:00
827,Barbados,4,0,6/19/2009 7:00
828,Belgium,19,0,6/19/2009 7:00
829,"Bermuda, UKOT",1,0,6/19/2009 7:00
830,Bolivia,11,0,6/19/2009 7:00
831,Brazil,96,0,6/19/2009 7:00
832,"British Virgin Islands, UKOT",1,0,6/19/2009 7:00
833,Bulgaria,2,0,6/19/2009 7:00
834,Canada,4905,12,6/19/2009 7:00
835,"Cayman Islands, UKOT",4,0,6/19/2009 7:00
836,Chile,3125,2,6/19/2009 7:00
837,China,519,0,6/19/2009 7:00
838,Colombia,60,1,6/19/2009 7:00
839,Costa Rica,149,1,6/19/2009 7:00
840,Cuba,15,0,6/19/2009 7:00
841,Cyprus,1,0,6/19/2009 7:00
842,Czech Republic,5,0,6/19/2009 7:00
843,Denmark,22,0,6/19/2009 7:00
844,Dominica,1,0,6/19/2009 7:00
845,Dominican Republic,93,1,6/19/2009 7:00
846,Ecuador,86,0,6/19/2009 7:00
847,Egypt,29,0,6/19/2009 7:00
848,El Salvador,160,0,6/19/2009 7:00
849,Estonia,5,0,6/19/2009 7:00
850,Finland,13,0,6/19/2009 7:00
851,France,131,0,6/19/2009 7:00
852,"    French Polynesia, FOC",1,0,6/19/2009 7:00
853,"    Martinique, FOC",1,0,6/19/2009 7:00
854,Germany,238,0,6/19/2009 7:00
855,Greece,31,0,6/19/2009 7:00
856,Guatemala ,153,1,6/19/2009 7:00
857,Honduras,108,0,6/19/2009 7:00
858,Hungary,7,0,6/19/2009 7:00
859,Iceland,4,0,6/19/2009 7:00
860,India,30,0,6/19/2009 7:00
861,Ireland,16,0,6/19/2009 7:00
862,Israel,219,0,6/19/2009 7:00
863,Italy,88,0,6/19/2009 7:00
864,Jamaica,14,0,6/19/2009 7:00
865,Japan,690,0,6/19/2009 7:00
866,Jordan,2,0,6/19/2009 7:00
867,"Korea, Republic of",84,0,6/19/2009 7:00
868,Kuwait,18,0,6/19/2009 7:00
869,Laos,1,0,6/19/2009 7:00
870,Lebanon,12,0,6/19/2009 7:00
871,Luxembourg,2,0,6/19/2009 7:00
872,Malaysia,23,0,6/19/2009 7:00
873,Mexico,7624,113,6/19/2009 7:00
874,Morocco,8,0,6/19/2009 7:00
875,Netherlands,87,0,6/19/2009 7:00
876,"     Netherlands Antilles, Curaçao *",3,0,6/19/2009 7:00
877,"     Netherlands Antilles, Sint Maarten",1,0,6/19/2009 7:00
878,New Zealand,216,0,6/19/2009 7:00
879,Nicaragua,144,0,6/19/2009 7:00
880,Norway,17,0,6/19/2009 7:00
881,Oman,3,0,6/19/2009 7:00
882,Panama,272,0,6/19/2009 7:00
883,Papua New Guinea,1,0,6/19/2009 7:00
884,Paraguay,27,0,6/19/2009 7:00
885,Peru,141,0,6/19/2009 7:00
886,Philippines,311,0,6/19/2009 7:00
887,Poland,7,0,6/19/2009 7:00
888,Portugal,5,0,6/19/2009 7:00
889,Qatar,3,0,6/19/2009 7:00
890,Romania,18,0,6/19/2009 7:00
891,Russia,3,0,6/19/2009 7:00
892,Samoa,1,0,6/19/2009 7:00
893,Saudi Arabia,22,0,6/19/2009 7:00
894,Singapore,77,0,6/19/2009 7:00
895,Slovakia,3,0,6/19/2009 7:00
896,South Africa,1,0,6/19/2009 7:00
897,Spain,512,0,6/19/2009 7:00
898,Sri Lanka,1,0,6/19/2009 7:00
899,Suriname,11,0,6/19/2009 7:00
900,Sweden,43,0,6/19/2009 7:00
901,Switzerland,27,0,6/19/2009 7:00
902,Thailand,518,0,6/19/2009 7:00
903,Trinidad and Tobago,18,0,6/19/2009 7:00
904,Turkey,20,0,6/19/2009 7:00
905,Ukraine,1,0,6/19/2009 7:00
906,United Arab Emirates,2,0,6/19/2009 7:00
907,United Kingdom,1752,1,6/19/2009 7:00
908,"     Isle of Man, Crown Dependency",1,0,6/19/2009 7:00
909,"     Jersey, Crown Dependency",1,0,6/19/2009 7:00
910,United States of America,17855,44,6/19/2009 7:00
911,Uruguay,36,0,6/19/2009 7:00
912,Venezuela,60,0,6/19/2009 7:00
913,Viet Nam,27,0,6/19/2009 7:00
914,West Bank and Gaza Strip,5,0,6/19/2009 7:00
915,Yemen,4,0,6/19/2009 7:00
916,Grand Total,44287,180,6/19/2009 7:00
917,Argentina,733,1,6/17/2009 12:00
918,Australia,2112,0,6/17/2009 12:00
919,Austria,7,0,6/17/2009 12:00
920,Bahamas,2,0,6/17/2009 12:00
921,Bahrain,12,0,6/17/2009 12:00
922,Barbados,3,0,6/17/2009 12:00
923,Belgium,19,0,6/17/2009 12:00
924,"Bermuda, UKOT",1,0,6/17/2009 12:00
925,Bolivia,11,0,6/17/2009 12:00
926,Brazil,79,0,6/17/2009 12:00
927,"British Virgin Islands, UKOT",1,0,6/17/2009 12:00
928,Bulgaria,2,0,6/17/2009 12:00
929,Canada,4049,7,6/17/2009 12:00
930,"Cayman Islands, UKOT",4,0,6/17/2009 12:00
931,Chile,2335,2,6/17/2009 12:00
932,China,382,0,6/17/2009 12:00
933,Colombia,53,1,6/17/2009 12:00
934,Costa Rica,149,1,6/17/2009 12:00
935,Cuba,7,0,6/17/2009 12:00
936,Cyprus,1,0,6/17/2009 12:00
937,Czech Republic,4,0,6/17/2009 12:00
938,Denmark,15,0,6/17/2009 12:00
939,Dominica,1,0,6/17/2009 12:00
940,Dominican Republic,93,1,6/17/2009 12:00
941,Ecuador,86,0,6/17/2009 12:00
942,Egypt,26,0,6/17/2009 12:00
943,El Salvador,125,0,6/17/2009 12:00
944,Estonia,4,0,6/17/2009 12:00
945,Finland,12,0,6/17/2009 12:00
946,France,118,0,6/17/2009 12:00
947,"France, French Polynesia, FOC",1,0,6/17/2009 12:00
948,"France, Martinique, FOC",1,0,6/17/2009 12:00
949,Germany,195,0,6/17/2009 12:00
950,Greece,23,0,6/17/2009 12:00
951,Guatemala,128,1,6/17/2009 12:00
952,Honduras,100,0,6/17/2009 12:00
953,Hungary,4,0,6/17/2009 12:00
954,Iceland,4,0,6/17/2009 12:00
955,India,30,0,6/17/2009 12:00
956,Ireland,12,0,6/17/2009 12:00
957,Israel,152,0,6/17/2009 12:00
958,Italy,72,0,6/17/2009 12:00
959,Jamaica,12,0,6/17/2009 12:00
960,Japan,666,0,6/17/2009 12:00
961,Jordan,2,0,6/17/2009 12:00
962,"Korea, Republic of",65,0,6/17/2009 12:00
963,Kuwait,18,0,6/17/2009 12:00
964,Lebanon,11,0,6/17/2009 12:00
965,Luxembourg,2,0,6/17/2009 12:00
966,Malaysia,17,0,6/17/2009 12:00
967,Mexico,6241,108,6/17/2009 12:00
968,Morocco,3,0,6/17/2009 12:00
969,Netherlands,68,0,6/17/2009 12:00
970,"Netherlands, Curacao, OT",1,0,6/17/2009 12:00
971,New Zealand,127,0,6/17/2009 12:00
972,Nicaragua,118,0,6/17/2009 12:00
973,Norway,13,0,6/17/2009 12:00
974,Panama,272,0,6/17/2009 12:00
975,Paraguay,25,0,6/17/2009 12:00
976,Peru,112,0,6/17/2009 12:00
977,Philippines,193,0,6/17/2009 12:00
978,Poland,7,0,6/17/2009 12:00
979,Portugal,3,0,6/17/2009 12:00
980,Qatar,3,0,6/17/2009 12:00
981,Romania,16,0,6/17/2009 12:00
982,Russia,3,0,6/17/2009 12:00
983,Samoa,1,0,6/17/2009 12:00
984,Saudi Arabia,17,0,6/17/2009 12:00
985,Singapore,49,0,6/17/2009 12:00
986,Slovakia,3,0,6/17/2009 12:00
987,Spain,499,0,6/17/2009 12:00
988,Sri Lanka,1,0,6/17/2009 12:00
989,Sweden,37,0,6/17/2009 12:00
990,Switzerland,27,0,6/17/2009 12:00
991,Thailand,310,0,6/17/2009 12:00
992,Trinidad and Tobago,5,0,6/17/2009 12:00
993,Turkey,16,0,6/17/2009 12:00
994,Ukraine,1,0,6/17/2009 12:00
995,United Arab Emirates,1,0,6/17/2009 12:00
996,United Kingdom,1461,1,6/17/2009 12:00
997,"United Kingdom, Isle of Man, Crown Dependency",1,0,6/17/2009 12:00
998,"United Kingdom, Jersey, Crown Dependency",1,0,6/17/2009 12:00
999,United States of America*,17855,44,6/17/2009 12:00
1000,Uruguay,36,0,6/17/2009 12:00
1001,Venezuela,45,0,6/17/2009 12:00
1002,Viet Nam,27,0,6/17/2009 12:00
1003,West Bank and Gaza Strip,2,0,6/17/2009 12:00
1004,Yemen,1,0,6/17/2009 12:00
1005,Grand Total,39620,167,6/17/2009 12:00
1006,Argentina,343,0,6/15/2009 17:00
1007,Australia,1823,0,6/15/2009 17:00
1008,Austria,7,0,6/15/2009 17:00
1009,Bahamas,1,0,6/15/2009 17:00
1010,Bahrain,1,0,6/15/2009 17:00
1011,Barbados,3,0,6/15/2009 17:00
1012,Belgium,17,0,6/15/2009 17:00
1013,Bolivia,7,0,6/15/2009 17:00
1014,Brazil,54,0,6/15/2009 17:00
1015,Bulgaria,2,0,6/15/2009 17:00
1016,Canada,2978,4,6/15/2009 17:00
1017,"Cayman Islands, UKOT",2,0,6/15/2009 17:00
1018,Chile,1694,2,6/15/2009 17:00
1019,China,318,0,6/15/2009 17:00
1020,Colombia,42,1,6/15/2009 17:00
1021,Costa Rica,104,1,6/15/2009 17:00
1022,Cuba,6,0,6/15/2009 17:00
1023,Cyprus,1,0,6/15/2009 17:00
1024,Czech Republic,4,0,6/15/2009 17:00
1025,Denmark,12,0,6/15/2009 17:00
1026,Dominica,1,0,6/15/2009 17:00
1027,Dominican Republic,93,1,6/15/2009 17:00
1028,Ecuador,80,0,6/15/2009 17:00
1029,Egypt,18,0,6/15/2009 17:00
1030,El Salvador,95,0,6/15/2009 17:00
1031,Estonia,4,0,6/15/2009 17:00
1032,Finland,4,0,6/15/2009 17:00
1033,France,80,0,6/15/2009 17:00
1034,Germany,170,0,6/15/2009 17:00
1035,Greece,19,0,6/15/2009 17:00
1036,Guatemala,119,1,6/15/2009 17:00
1037,Honduras,89,0,6/15/2009 17:00
1038,Hungary,4,0,6/15/2009 17:00
1039,Iceland,4,0,6/15/2009 17:00
1040,India,16,0,6/15/2009 17:00
1041,Ireland,12,0,6/15/2009 17:00
1042,Israel,117,0,6/15/2009 17:00
1043,Italy,67,0,6/15/2009 17:00
1044,Jamaica,11,0,6/15/2009 17:00
1045,Japan,605,0,6/15/2009 17:00
1046,"Korea, Republic of",65,0,6/15/2009 17:00
1047,Kuwait,18,0,6/15/2009 17:00
1048,Lebanon,8,0,6/15/2009 17:00
1049,Luxembourg,1,0,6/15/2009 17:00
1050,Malaysia,5,0,6/15/2009 17:00
1051,Mexico,6241,108,6/15/2009 17:00
1052,Morocco,1,0,6/15/2009 17:00
1053,Netherlands,61,0,6/15/2009 17:00
1054,New Zealand,86,0,6/15/2009 17:00
1055,Nicaragua,56,0,6/15/2009 17:00
1056,Norway,13,0,6/15/2009 17:00
1057,Panama,272,0,6/15/2009 17:00
1058,Paraguay,25,0,6/15/2009 17:00
1059,Peru,91,0,6/15/2009 17:00
1060,Philippines,77,0,6/15/2009 17:00
1061,Poland,7,0,6/15/2009 17:00
1062,Portugal,3,0,6/15/2009 17:00
1063,Romania,13,0,6/15/2009 17:00
1064,Russia,3,0,6/15/2009 17:00
1065,Saudi Arabia,11,0,6/15/2009 17:00
1066,Singapore,47,0,6/15/2009 17:00
1067,Slovakia,3,0,6/15/2009 17:00
1068,Spain,488,0,6/15/2009 17:00
1069,Sweden,32,0,6/15/2009 17:00
1070,Switzerland,22,0,6/15/2009 17:00
1071,Thailand,29,0,6/15/2009 17:00
1072,Trinidad and Tobago,5,0,6/15/2009 17:00
1073,Turkey,10,0,6/15/2009 17:00
1074,Ukraine,1,0,6/15/2009 17:00
1075,United Arab Emirates,1,0,6/15/2009 17:00
1076,United Kingdom,1226,0,6/15/2009 17:00
1077,United States of America,17855,45,6/15/2009 17:00
1078,Uruguay,36,0,6/15/2009 17:00
1079,Venezuela,25,0,6/15/2009 17:00
1080,Viet Nam,25,0,6/15/2009 17:00
1081,West Bank and Gaza Strip,2,0,6/15/2009 17:00
1082,Grand Total,35928,163,6/15/2009 17:00
1083,Argentina,343,0,6/12/2009 7:00
1084,Australia,1307,0,6/12/2009 7:00
1085,Austria,7,0,6/12/2009 7:00
1086,Bahamas,1,0,6/12/2009 7:00
1087,Bahrain,1,0,6/12/2009 7:00
1088,Barbados,3,0,6/12/2009 7:00
1089,Belgium,14,0,6/12/2009 7:00
1090,Bolivia,5,0,6/12/2009 7:00
1091,Brazil,52,0,6/12/2009 7:00
1092,Bulgaria,2,0,6/12/2009 7:00
1093,Canada,2978,4,6/12/2009 7:00
1094,"Cayman Islands, UKOT",2,0,6/12/2009 7:00
1095,Chile,1694,2,6/12/2009 7:00
1096,China,188,0,6/12/2009 7:00
1097,Colombia,35,1,6/12/2009 7:00
1098,Costa Rica,104,1,6/12/2009 7:00
1099,Cuba,6,0,6/12/2009 7:00
1100,Cyprus,1,0,6/12/2009 7:00
1101,Czech Republic,4,0,6/12/2009 7:00
1102,Denmark,11,0,6/12/2009 7:00
1103,Dominica,1,0,6/12/2009 7:00
1104,Dominican Republic,91,1,6/12/2009 7:00
1105,Ecuador,67,0,6/12/2009 7:00
1106,Egypt,10,0,6/12/2009 7:00
1107,El Salvador,69,0,6/12/2009 7:00
1108,Estonia,4,0,6/12/2009 7:00
1109,Finland,4,0,6/12/2009 7:00
1110,France,73,0,6/12/2009 7:00
1111,Germany,95,0,6/12/2009 7:00
1112,Greece,7,0,6/12/2009 7:00
1113,Guatemala,74,1,6/12/2009 7:00
1114,Honduras,89,0,6/12/2009 7:00
1115,Hungary,4,0,6/12/2009 7:00
1116,Iceland,4,0,6/12/2009 7:00
1117,India,9,0,6/12/2009 7:00
1118,Ireland,12,0,6/12/2009 7:00
1119,Israel,68,0,6/12/2009 7:00
1120,Italy,56,0,6/12/2009 7:00
1121,Jamaica,11,0,6/12/2009 7:00
1122,Japan,549,0,6/12/2009 7:00
1123,"Korea, Republic of",53,0,6/12/2009 7:00
1124,Kuwait,18,0,6/12/2009 7:00
1125,Lebanon,8,0,6/12/2009 7:00
1126,Luxembourg,1,0,6/12/2009 7:00
1127,Malaysia,5,0,6/12/2009 7:00
1128,Mexico,6241,108,6/12/2009 7:00
1129,Netherlands,35,0,6/12/2009 7:00
1130,New Zealand,27,0,6/12/2009 7:00
1131,Nicaragua,56,0,6/12/2009 7:00
1132,Norway,13,0,6/12/2009 7:00
1133,Panama,221,0,6/12/2009 7:00
1134,Paraguay,25,0,6/12/2009 7:00
1135,Peru,79,0,6/12/2009 7:00
1136,Philippines,77,0,6/12/2009 7:00
1137,Poland,7,0,6/12/2009 7:00
1138,Portugal,2,0,6/12/2009 7:00
1139,Romania,11,0,6/12/2009 7:00
1140,Russia,3,0,6/12/2009 7:00
1141,Saudi Arabia,1,0,6/12/2009 7:00
1142,Singapore,18,0,6/12/2009 7:00
1143,Slovakia,3,0,6/12/2009 7:00
1144,Spain,488,0,6/12/2009 7:00
1145,Sweden,19,0,6/12/2009 7:00
1146,Switzerland,20,0,6/12/2009 7:00
1147,Thailand,8,0,6/12/2009 7:00
1148,Trinidad and Tobago,4,0,6/12/2009 7:00
1149,Turkey,10,0,6/12/2009 7:00
1150,Ukraine,1,0,6/12/2009 7:00
1151,United Arab Emirates,1,0,6/12/2009 7:00
1152,United Kingdom,822,0,6/12/2009 7:00
1153,United States of America,13217,27,6/12/2009 7:00
1154,Uruguay,36,0,6/12/2009 7:00
1155,Venezuela,25,0,6/12/2009 7:00
1156,Viet Nam,23,0,6/12/2009 7:00
1157,Grand Total,29669,145,6/12/2009 7:00
1158,Argentina,256,0,6/11/2009 14:00
1159,Australia,1307,0,6/11/2009 14:00
1160,Austria,7,0,6/11/2009 14:00
1161,Bahamas,1,0,6/11/2009 14:00
1162,Bahrain,1,0,6/11/2009 14:00
1163,Barbados,3,0,6/11/2009 14:00
1164,Belgium,14,0,6/11/2009 14:00
1165,Bolivia,5,0,6/11/2009 14:00
1166,Brazil,40,0,6/11/2009 14:00
1167,Bulgaria,2,0,6/11/2009 14:00
1168,Canada,2446,4,6/11/2009 14:00
1169,"Cayman Islands, UKOT",2,0,6/11/2009 14:00
1170,Chile,1694,2,6/11/2009 14:00
1171,China,174,0,6/11/2009 14:00
1172,Colombia,35,1,6/11/2009 14:00
1173,Costa Rica,104,1,6/11/2009 14:00
1174,Cuba,5,0,6/11/2009 14:00
1175,Cyprus,1,0,6/11/2009 14:00
1176,Czech Republic,4,0,6/11/2009 14:00
1177,Denmark,10,0,6/11/2009 14:00
1178,Dominica,1,0,6/11/2009 14:00
1179,Dominican Republic,91,1,6/11/2009 14:00
1180,Ecuador,67,0,6/11/2009 14:00
1181,Egypt,10,0,6/11/2009 14:00
1182,El Salvador,69,0,6/11/2009 14:00
1183,Estonia,4,0,6/11/2009 14:00
1184,Finland,4,0,6/11/2009 14:00
1185,France,73,0,6/11/2009 14:00
1186,Germany,95,0,6/11/2009 14:00
1187,Greece,7,0,6/11/2009 14:00
1188,Guatemala,60,0,6/11/2009 14:00
1189,Honduras,89,0,6/11/2009 14:00
1190,Hungary,4,0,6/11/2009 14:00
1191,Iceland,3,0,6/11/2009 14:00
1192,India,9,0,6/11/2009 14:00
1193,Ireland,12,0,6/11/2009 14:00
1194,Israel,68,0,6/11/2009 14:00
1195,Italy,54,0,6/11/2009 14:00
1196,Jamaica,10,0,6/11/2009 14:00
1197,Japan,518,0,6/11/2009 14:00
1198,"Korea, Republic of",53,0,6/11/2009 14:00
1199,Kuwait,18,0,6/11/2009 14:00
1200,Lebanon,8,0,6/11/2009 14:00
1201,Luxembourg,1,0,6/11/2009 14:00
1202,Malaysia,5,0,6/11/2009 14:00
1203,Mexico,6241,108,6/11/2009 14:00
1204,Netherlands,30,0,6/11/2009 14:00
1205,New Zealand,23,0,6/11/2009 14:00
1206,Nicaragua,45,0,6/11/2009 14:00
1207,Norway,13,0,6/11/2009 14:00
1208,Panama,221,0,6/11/2009 14:00
1209,Paraguay,25,0,6/11/2009 14:00
1210,Peru,64,0,6/11/2009 14:00
1211,Philippines,77,0,6/11/2009 14:00
1212,Poland,7,0,6/11/2009 14:00
1213,Portugal,2,0,6/11/2009 14:00
1214,Romania,11,0,6/11/2009 14:00
1215,Russia,3,0,6/11/2009 14:00
1216,Saudi Arabia,1,0,6/11/2009 14:00
1217,Singapore,18,0,6/11/2009 14:00
1218,Slovakia,3,0,6/11/2009 14:00
1219,Spain,357,0,6/11/2009 14:00
1220,Sweden,19,0,6/11/2009 14:00
1221,Switzerland,20,0,6/11/2009 14:00
1222,Thailand,8,0,6/11/2009 14:00
1223,Trinidad and Tobago,2,0,6/11/2009 14:00
1224,Turkey,10,0,6/11/2009 14:00
1225,Ukraine,1,0,6/11/2009 14:00
1226,United Arab Emirates,1,0,6/11/2009 14:00
1227,United Kingdom,822,0,6/11/2009 14:00
1228,United States of America,13217,27,6/11/2009 14:00
1229,Uruguay,24,0,6/11/2009 14:00
1230,Venezuela,13,0,6/11/2009 14:00
1231,Viet Nam,16,0,6/11/2009 14:00
1232,Grand Total,28774,144,6/11/2009 14:00
1233,Argentina,235,0,6/10/2009 6:00
1234,Australia,1224,0,6/10/2009 6:00
1235,Austria,5,0,6/10/2009 6:00
1236,Bahamas,2,0,6/10/2009 6:00
1237,Bahrain,1,0,6/10/2009 6:00
1238,Barbados,2,0,6/10/2009 6:00
1239,Belgium,14,0,6/10/2009 6:00
1240,Bolivia,3,0,6/10/2009 6:00
1241,Brazil,36,0,6/10/2009 6:00
1242,Bulgaria,2,0,6/10/2009 6:00
1243,Canada,2446,4,6/10/2009 6:00
1244,"Cayman Islands, UKOT",1,0,6/10/2009 6:00
1245,Chile,1694,2,6/10/2009 6:00
1246,China,142,0,6/10/2009 6:00
1247,Colombia,35,0,6/10/2009 6:00
1248,Costa Rica,93,1,6/10/2009 6:00
1249,Cuba,5,0,6/10/2009 6:00
1250,Cyprus,1,0,6/10/2009 6:00
1251,Czech Republic,2,0,6/10/2009 6:00
1252,Denmark,8,0,6/10/2009 6:00
1253,Dominica,1,0,6/10/2009 6:00
1254,Dominican Republic,91,1,6/10/2009 6:00
1255,Ecuador,60,0,6/10/2009 6:00
1256,Egypt,8,0,6/10/2009 6:00
1257,El Salvador,69,0,6/10/2009 6:00
1258,Estonia,4,0,6/10/2009 6:00
1259,Finland,4,0,6/10/2009 6:00
1260,France,71,0,6/10/2009 6:00
1261,Germany,78,0,6/10/2009 6:00
1262,Greece,5,0,6/10/2009 6:00
1263,Guatemala,60,0,6/10/2009 6:00
1264,Honduras,89,0,6/10/2009 6:00
1265,Hungary,3,0,6/10/2009 6:00
1266,Iceland,2,0,6/10/2009 6:00
1267,India,4,0,6/10/2009 6:00
1268,Ireland,12,0,6/10/2009 6:00
1269,Israel,63,0,6/10/2009 6:00
1270,Italy,50,0,6/10/2009 6:00
1271,Jamaica,7,0,6/10/2009 6:00
1272,Japan,485,0,6/10/2009 6:00
1273,"Korea, Republic of",48,0,6/10/2009 6:00
1274,Kuwait,18,0,6/10/2009 6:00
1275,Lebanon,8,0,6/10/2009 6:00
1276,Luxembourg,1,0,6/10/2009 6:00
1277,Malaysia,5,0,6/10/2009 6:00
1278,Mexico,5717,106,6/10/2009 6:00
1279,Netherlands,22,0,6/10/2009 6:00
1280,New Zealand,23,0,6/10/2009 6:00
1281,Nicaragua,29,0,6/10/2009 6:00
1282,Norway,9,0,6/10/2009 6:00
1283,Panama,221,0,6/10/2009 6:00
1284,Paraguay,16,0,6/10/2009 6:00
1285,Peru,64,0,6/10/2009 6:00
1286,Philippines,54,0,6/10/2009 6:00
1287,Poland,6,0,6/10/2009 6:00
1288,Portugal,2,0,6/10/2009 6:00
1289,Romania,9,0,6/10/2009 6:00
1290,Russia,3,0,6/10/2009 6:00
1291,Saudi Arabia,1,0,6/10/2009 6:00
1292,Singapore,18,0,6/10/2009 6:00
1293,Slovakia,3,0,6/10/2009 6:00
1294,Spain,331,0,6/10/2009 6:00
1295,Sweden,16,0,6/10/2009 6:00
1296,Switzerland,16,0,6/10/2009 6:00
1297,Thailand,8,0,6/10/2009 6:00
1298,Trinidad and Tobago,2,0,6/10/2009 6:00
1299,Turkey,10,0,6/10/2009 6:00
1300,Ukraine,1,0,6/10/2009 6:00
1301,United Arab Emirates,1,0,6/10/2009 6:00
1302,United Kingdom,666,0,6/10/2009 6:00
1303,United States of America,13217,27,6/10/2009 6:00
1304,Uruguay,24,0,6/10/2009 6:00
1305,Venezuela,12,0,6/10/2009 6:00
1306,Viet Nam,15,0,6/10/2009 6:00
1307,Grand Total,27737,141,6/10/2009 6:00
1308,Argentina,202,0,6/8/2009 6:00
1309,Australia,1051,0,6/8/2009 6:00
1310,Austria,5,0,6/8/2009 6:00
1311,Bahamas,1,0,6/8/2009 6:00
1312,Bahrain,1,0,6/8/2009 6:00
1313,Barbados,2,0,6/8/2009 6:00
1314,Belgium,14,0,6/8/2009 6:00
1315,Bolivia,3,0,6/8/2009 6:00
1316,Brazil,35,0,6/8/2009 6:00
1317,Bulgaria,2,0,6/8/2009 6:00
1318,Canada,2115,3,6/8/2009 6:00
1319,"Cayman Islands, UKOT",1,0,6/8/2009 6:00
1320,Chile,411,1,6/8/2009 6:00
1321,China,108,0,6/8/2009 6:00
1322,Colombia,25,0,6/8/2009 6:00
1323,Costa Rica,68,1,6/8/2009 6:00
1324,Cuba,5,0,6/8/2009 6:00
1325,Cyprus,1,0,6/8/2009 6:00
1326,Czech Republic,2,0,6/8/2009 6:00
1327,Denmark,7,0,6/8/2009 6:00
1328,Dominica,1,0,6/8/2009 6:00
1329,Dominican Republic,44,1,6/8/2009 6:00
1330,Ecuador,60,0,6/8/2009 6:00
1331,Egypt,1,0,6/8/2009 6:00
1332,El Salvador,69,0,6/8/2009 6:00
1333,Estonia,3,0,6/8/2009 6:00
1334,Finland,4,0,6/8/2009 6:00
1335,France,58,0,6/8/2009 6:00
1336,Germany,63,0,6/8/2009 6:00
1337,Greece,5,0,6/8/2009 6:00
1338,Guatemala,30,0,6/8/2009 6:00
1339,Honduras,34,0,6/8/2009 6:00
1340,Hungary,3,0,6/8/2009 6:00
1341,Iceland,1,0,6/8/2009 6:00
1342,India,4,0,6/8/2009 6:00
1343,Ireland,11,0,6/8/2009 6:00
1344,Israel,54,0,6/8/2009 6:00
1345,Italy,50,0,6/8/2009 6:00
1346,Jamaica,4,0,6/8/2009 6:00
1347,Japan,410,0,6/8/2009 6:00
1348,"Korea, Republic of",47,0,6/8/2009 6:00
1349,Kuwait,18,0,6/8/2009 6:00
1350,Lebanon,3,0,6/8/2009 6:00
1351,Luxembourg,1,0,6/8/2009 6:00
1352,Malaysia,5,0,6/8/2009 6:00
1353,Mexico,5717,106,6/8/2009 6:00
1354,Netherlands,10,0,6/8/2009 6:00
1355,New Zealand,14,0,6/8/2009 6:00
1356,Nicaragua,18,0,6/8/2009 6:00
1357,Norway,9,0,6/8/2009 6:00
1358,Panama,179,0,6/8/2009 6:00
1359,Paraguay,5,0,6/8/2009 6:00
1360,Peru,61,0,6/8/2009 6:00
1361,Philippines,33,0,6/8/2009 6:00
1362,Poland,5,0,6/8/2009 6:00
1363,Portugal,2,0,6/8/2009 6:00
1364,Romania,9,0,6/8/2009 6:00
1365,Russia,3,0,6/8/2009 6:00
1366,Saudi Arabia,1,0,6/8/2009 6:00
1367,Singapore,15,0,6/8/2009 6:00
1368,Slovakia,3,0,6/8/2009 6:00
1369,Spain,291,0,6/8/2009 6:00
1370,Sweden,14,0,6/8/2009 6:00
1371,Switzerland,16,0,6/8/2009 6:00
1372,Thailand,8,0,6/8/2009 6:00
1373,Trinidad and Tobago,2,0,6/8/2009 6:00
1374,Turkey,10,0,6/8/2009 6:00
1375,United Arab Emirates,1,0,6/8/2009 6:00
1376,United Kingdom,557,0,6/8/2009 6:00
1377,United States of America,13217,27,6/8/2009 6:00
1378,Uruguay,17,0,6/8/2009 6:00
1379,Venezuela,4,0,6/8/2009 6:00
1380,Viet Nam,9,0,6/8/2009 6:00
1381,Grand Total,25288,139,6/8/2009 6:00
1382,Argentina,147,0,6/5/2009 6:00
1383,Australia,876,0,6/5/2009 6:00
1384,Austria,2,0,6/5/2009 6:00
1385,Bahamas,1,0,6/5/2009 6:00
1386,Bahrain,1,0,6/5/2009 6:00
1387,Barbados,1,0,6/5/2009 6:00
1388,Belgium,13,0,6/5/2009 6:00
1389,Bolivia,3,0,6/5/2009 6:00
1390,Brazil,28,0,6/5/2009 6:00
1391,Bulgaria,1,0,6/5/2009 6:00
1392,Canada,1795,3,6/5/2009 6:00
1393,Chile,369,1,6/5/2009 6:00
1394,China,89,0,6/5/2009 6:00
1395,Colombia,24,0,6/5/2009 6:00
1396,Costa Rica,68,1,6/5/2009 6:00
1397,Cuba,4,0,6/5/2009 6:00
1398,Cyprus,1,0,6/5/2009 6:00
1399,Czech Republic,2,0,6/5/2009 6:00
1400,Denmark,4,0,6/5/2009 6:00
1401,Dominican Republic,33,0,6/5/2009 6:00
1402,Ecuador,43,0,6/5/2009 6:00
1403,Egypt,1,0,6/5/2009 6:00
1404,El Salvador,49,0,6/5/2009 6:00
1405,Estonia,3,0,6/5/2009 6:00
1406,Finland,4,0,6/5/2009 6:00
1407,France,47,0,6/5/2009 6:00
1408,Germany,43,0,6/5/2009 6:00
1409,Greece,5,0,6/5/2009 6:00
1410,Guatemala,23,0,6/5/2009 6:00
1411,Honduras,34,0,6/5/2009 6:00
1412,Hungary,3,0,6/5/2009 6:00
1413,Iceland,1,0,6/5/2009 6:00
1414,India,4,0,6/5/2009 6:00
1415,Ireland,8,0,6/5/2009 6:00
1416,Israel,39,0,6/5/2009 6:00
1417,Italy,38,0,6/5/2009 6:00
1418,Jamaica,2,0,6/5/2009 6:00
1419,Japan,410,0,6/5/2009 6:00
1420,"Korea, Republic of",41,0,6/5/2009 6:00
1421,Kuwait,18,0,6/5/2009 6:00
1422,Lebanon,3,0,6/5/2009 6:00
1423,Luxembourg,1,0,6/5/2009 6:00
1424,Malaysia,2,0,6/5/2009 6:00
1425,Mexico,5563,103,6/5/2009 6:00
1426,Netherlands,4,0,6/5/2009 6:00
1427,New Zealand,11,0,6/5/2009 6:00
1428,Nicaragua,5,0,6/5/2009 6:00
1429,Norway,9,0,6/5/2009 6:00
1430,Panama,173,0,6/5/2009 6:00
1431,Paraguay,5,0,6/5/2009 6:00
1432,Peru,47,0,6/5/2009 6:00
1433,Philippines,29,0,6/5/2009 6:00
1434,Poland,4,0,6/5/2009 6:00
1435,Portugal,2,0,6/5/2009 6:00
1436,Romania,8,0,6/5/2009 6:00
1437,Russia,3,0,6/5/2009 6:00
1438,Saudi Arabia,1,0,6/5/2009 6:00
1439,Singapore,12,0,6/5/2009 6:00
1440,Slovakia,3,0,6/5/2009 6:00
1441,Spain,218,0,6/5/2009 6:00
1442,Sweden,13,0,6/5/2009 6:00
1443,Switzerland,10,0,6/5/2009 6:00
1444,Thailand,8,0,6/5/2009 6:00
1445,Turkey,8,0,6/5/2009 6:00
1446,United Kingdom,428,0,6/5/2009 6:00
1447,United States of America,11054,17,6/5/2009 6:00
1448,Uruguay,15,0,6/5/2009 6:00
1449,Venezuela,4,0,6/5/2009 6:00
1450,Viet Nam,3,0,6/5/2009 6:00
1451,Grand Total,21940,125,6/5/2009 6:00
1452,Argentina,131,0,6/3/2009 6:00
1453,Australia,501,0,6/3/2009 6:00
1454,Austria,1,0,6/3/2009 6:00
1455,Bahamas,1,0,6/3/2009 6:00
1456,Bahrain,1,0,6/3/2009 6:00
1457,Belgium,13,0,6/3/2009 6:00
1458,Bolivia,3,0,6/3/2009 6:00
1459,Brazil,20,0,6/3/2009 6:00
1460,Bulgaria,1,0,6/3/2009 6:00
1461,Canada,1530,2,6/3/2009 6:00
1462,Chile,313,0,6/3/2009 6:00
1463,China,69,0,6/3/2009 6:00
1464,Colombia,20,0,6/3/2009 6:00
1465,Costa Rica,50,1,6/3/2009 6:00
1466,Cuba,4,0,6/3/2009 6:00
1467,Cyprus,1,0,6/3/2009 6:00
1468,Czech Republic,1,0,6/3/2009 6:00
1469,Denmark,1,0,6/3/2009 6:00
1470,Dominican Republic,11,0,6/3/2009 6:00
1471,Ecuador,39,0,6/3/2009 6:00
1472,Egypt,1,0,6/3/2009 6:00
1473,El Salvador,41,0,6/3/2009 6:00
1474,Estonia,1,0,6/3/2009 6:00
1475,Finland,4,0,6/3/2009 6:00
1476,France,26,0,6/3/2009 6:00
1477,Germany,28,0,6/3/2009 6:00
1478,Greece,5,0,6/3/2009 6:00
1479,Guatemala,14,0,6/3/2009 6:00
1480,Honduras,2,0,6/3/2009 6:00
1481,Hungary,1,0,6/3/2009 6:00
1482,Iceland,1,0,6/3/2009 6:00
1483,India,1,0,6/3/2009 6:00
1484,Ireland,4,0,6/3/2009 6:00
1485,Israel,33,0,6/3/2009 6:00
1486,Italy,30,0,6/3/2009 6:00
1487,Jamaica,2,0,6/3/2009 6:00
1488,Japan,385,0,6/3/2009 6:00
1489,"Korea, Republic of",41,0,6/3/2009 6:00
1490,Kuwait,18,0,6/3/2009 6:00
1491,Lebanon,3,0,6/3/2009 6:00
1492,Malaysia,2,0,6/3/2009 6:00
1493,Mexico,5029,97,6/3/2009 6:00
1494,Netherlands,4,0,6/3/2009 6:00
1495,New Zealand,10,0,6/3/2009 6:00
1496,Nicaragua,1,0,6/3/2009 6:00
1497,Norway,4,0,6/3/2009 6:00
1498,Panama,155,0,6/3/2009 6:00
1499,Paraguay,5,0,6/3/2009 6:00
1500,Peru,40,0,6/3/2009 6:00
1501,Philippines,16,0,6/3/2009 6:00
1502,Poland,4,0,6/3/2009 6:00
1503,Portugal,2,0,6/3/2009 6:00
1504,Romania,5,0,6/3/2009 6:00
1505,Russia,3,0,6/3/2009 6:00
1506,Singapore,9,0,6/3/2009 6:00
1507,Slovakia,2,0,6/3/2009 6:00
1508,Spain,180,0,6/3/2009 6:00
1509,Sweden,7,0,6/3/2009 6:00
1510,Switzerland,10,0,6/3/2009 6:00
1511,Thailand,2,0,6/3/2009 6:00
1512,Turkey,4,0,6/3/2009 6:00
1513,United Kingdom,339,0,6/3/2009 6:00
1514,United States of America,10053,17,6/3/2009 6:00
1515,Uruguay,15,0,6/3/2009 6:00
1516,Venezuela,3,0,6/3/2009 6:00
1517,Viet Nam,3,0,6/3/2009 6:00
1518,Grand Total,19273,117,6/3/2009 6:00
1519,Argentina,100,0,6/1/2009 6:00
1520,Australia,297,0,6/1/2009 6:00
1521,Austria,1,0,6/1/2009 6:00
1522,Bahamas,1,0,6/1/2009 6:00
1523,Bahrain,1,0,6/1/2009 6:00
1524,Belgium,12,0,6/1/2009 6:00
1525,Bolivia,3,0,6/1/2009 6:00
1526,Brazil,18,0,6/1/2009 6:00
1527,Canada,1336,2,6/1/2009 6:00
1528,Chile,250,0,6/1/2009 6:00
1529,China,52,0,6/1/2009 6:00
1530,Colombia,20,0,6/1/2009 6:00
1531,Costa Rica,37,1,6/1/2009 6:00
1532,Cuba,4,0,6/1/2009 6:00
1533,Cyprus,1,0,6/1/2009 6:00
1534,Czech Republic,1,0,6/1/2009 6:00
1535,Denmark,1,0,6/1/2009 6:00
1536,Dominican Republic,2,0,6/1/2009 6:00
1537,Ecuador,39,0,6/1/2009 6:00
1538,El Salvador,27,0,6/1/2009 6:00
1539,Estonia,1,0,6/1/2009 6:00
1540,Finland,3,0,6/1/2009 6:00
1541,France,24,0,6/1/2009 6:00
1542,Germany,28,0,6/1/2009 6:00
1543,Greece,4,0,6/1/2009 6:00
1544,Guatemala ,12,0,6/1/2009 6:00
1545,Honduras,2,0,6/1/2009 6:00
1546,Hungary,1,0,6/1/2009 6:00
1547,Iceland,1,0,6/1/2009 6:00
1548,India,1,0,6/1/2009 6:00
1549,Ireland,4,0,6/1/2009 6:00
1550,Israel,19,0,6/1/2009 6:00
1551,Italy,29,0,6/1/2009 6:00
1552,Jamaica,2,0,6/1/2009 6:00
1553,Japan,370,0,6/1/2009 6:00
1554,"Korea, Republic of",33,0,6/1/2009 6:00
1555,Kuwait,18,0,6/1/2009 6:00
1556,Malaysia,2,0,6/1/2009 6:00
1557,Mexico,5029,97,6/1/2009 6:00
1558,Netherlands,3,0,6/1/2009 6:00
1559,New Zealand,9,0,6/1/2009 6:00
1560,Norway,4,0,6/1/2009 6:00
1561,Panama,107,0,6/1/2009 6:00
1562,Paraguay,5,0,6/1/2009 6:00
1563,Peru,36,0,6/1/2009 6:00
1564,Philippines,16,0,6/1/2009 6:00
1565,Poland,4,0,6/1/2009 6:00
1566,Portugal,1,0,6/1/2009 6:00
1567,Romania,3,0,6/1/2009 6:00
1568,Russia,3,0,6/1/2009 6:00
1569,Singapore,5,0,6/1/2009 6:00
1570,Slovakia,2,0,6/1/2009 6:00
1571,Spain,178,0,6/1/2009 6:00
1572,Sweden,4,0,6/1/2009 6:00
1573,Switzerland,8,0,6/1/2009 6:00
1574,Thailand,2,0,6/1/2009 6:00
1575,Turkey,4,0,6/1/2009 6:00
1576,United Kingdom,229,0,6/1/2009 6:00
1577,United States of America,8975,15,6/1/2009 6:00
1578,Uruguay,11,0,6/1/2009 6:00
1579,Venezuela,2,0,6/1/2009 6:00
1580,Viet Nam,1,0,6/1/2009 6:00
1581,Grand Total,17410,115,6/1/2009 6:00
1582,Argentina,37,0,5/29/2009 6:00
1583,Australia,147,0,5/29/2009 6:00
1584,Austria,1,0,5/29/2009 6:00
1585,Bahrain,1,0,5/29/2009 6:00
1586,Belgium,8,0,5/29/2009 6:00
1587,Brazil,10,0,5/29/2009 6:00
1588,Canada,1118,2,5/29/2009 6:00
1589,Chile,165,0,5/29/2009 6:00
1590,China,30,0,5/29/2009 6:00
1591,Colombia,17,0,5/29/2009 6:00
1592,Costa Rica,33,1,5/29/2009 6:00
1593,Cuba,4,0,5/29/2009 6:00
1594,Czech Republic,1,0,5/29/2009 6:00
1595,Denmark,1,0,5/29/2009 6:00
1596,Dominican Republic,2,0,5/29/2009 6:00
1597,Ecuador,32,0,5/29/2009 6:00
1598,El Salvador,11,0,5/29/2009 6:00
1599,Finland,3,0,5/29/2009 6:00
1600,France,21,0,5/29/2009 6:00
1601,Germany,19,0,5/29/2009 6:00
1602,Greece,3,0,5/29/2009 6:00
1603,Guatemala,5,0,5/29/2009 6:00
1604,Honduras,1,0,5/29/2009 6:00
1605,Iceland,1,0,5/29/2009 6:00
1606,India,1,0,5/29/2009 6:00
1607,Ireland,3,0,5/29/2009 6:00
1608,Israel,11,0,5/29/2009 6:00
1609,Italy,26,0,5/29/2009 6:00
1610,Japan,364,0,5/29/2009 6:00
1611,"Korea, Republic of",33,0,5/29/2009 6:00
1612,Kuwait,18,0,5/29/2009 6:00
1613,Malaysia,2,0,5/29/2009 6:00
1614,Mexico,4910,85,5/29/2009 6:00
1615,Netherlands,3,0,5/29/2009 6:00
1616,New Zealand,9,0,5/29/2009 6:00
1617,Norway,4,0,5/29/2009 6:00
1618,Panama,107,0,5/29/2009 6:00
1619,Peru,31,0,5/29/2009 6:00
1620,Philippines,6,0,5/29/2009 6:00
1621,Poland,4,0,5/29/2009 6:00
1622,Portugal,1,0,5/29/2009 6:00
1623,Romania,3,0,5/29/2009 6:00
1624,Russia,2,0,5/29/2009 6:00
1625,Singapore,4,0,5/29/2009 6:00
1626,Slovakia,1,0,5/29/2009 6:00
1627,Spain,143,0,5/29/2009 6:00
1628,Sweden,4,0,5/29/2009 6:00
1629,Switzerland,4,0,5/29/2009 6:00
1630,Thailand,2,0,5/29/2009 6:00
1631,Turkey,2,0,5/29/2009 6:00
1632,United Kingdom,203,0,5/29/2009 6:00
1633,United States of America,7927,11,5/29/2009 6:00
1634,Uruguay,2,0,5/29/2009 6:00
1635,Grand Total,15510,99,5/29/2009 6:00
1636,Argentina,19,0,5/27/2009 8:00
1637,Australia,39,0,5/27/2009 8:00
1638,Austria,1,0,5/27/2009 8:00
1639,Bahrain,1,0,5/27/2009 8:00
1640,Belgium,7,0,5/27/2009 8:00
1641,Brazil,9,0,5/27/2009 8:00
1642,Canada,921,1,5/27/2009 8:00
1643,Chile,86,0,5/27/2009 8:00
1644,China,22,0,5/27/2009 8:00
1645,Colombia,16,0,5/27/2009 8:00
1646,Costa Rica,33,1,5/27/2009 8:00
1647,Cuba,4,0,5/27/2009 8:00
1648,Denmark,1,0,5/27/2009 8:00
1649,Ecuador,28,0,5/27/2009 8:00
1650,El Salvador,11,0,5/27/2009 8:00
1651,Finland,2,0,5/27/2009 8:00
1652,France,16,0,5/27/2009 8:00
1653,Germany,17,0,5/27/2009 8:00
1654,Greece,1,0,5/27/2009 8:00
1655,Guatemala ,5,0,5/27/2009 8:00
1656,Honduras,1,0,5/27/2009 8:00
1657,Iceland,1,0,5/27/2009 8:00
1658,India,1,0,5/27/2009 8:00
1659,Ireland,1,0,5/27/2009 8:00
1660,Israel,9,0,5/27/2009 8:00
1661,Italy,23,0,5/27/2009 8:00
1662,Japan,360,0,5/27/2009 8:00
1663,"Korea, Republic of",21,0,5/27/2009 8:00
1664,Kuwait,18,0,5/27/2009 8:00
1665,Malaysia,2,0,5/27/2009 8:00
1666,Mexico,4541,83,5/27/2009 8:00
1667,Netherlands,3,0,5/27/2009 8:00
1668,New Zealand,9,0,5/27/2009 8:00
1669,Norway,4,0,5/27/2009 8:00
1670,Panama,76,0,5/27/2009 8:00
1671,Peru,27,0,5/27/2009 8:00
1672,Philippines,2,0,5/27/2009 8:00
1673,Poland,3,0,5/27/2009 8:00
1674,Portugal,1,0,5/27/2009 8:00
1675,Russia,2,0,5/27/2009 8:00
1676,Singapore,1,0,5/27/2009 8:00
1677,Spain,138,0,5/27/2009 8:00
1678,Sweden,3,0,5/27/2009 8:00
1679,Switzerland,3,0,5/27/2009 8:00
1680,Thailand,2,0,5/27/2009 8:00
1681,Turkey,2,0,5/27/2009 8:00
1682,United Kingdom,137,0,5/27/2009 8:00
1683,United States of America,6764,10,5/27/2009 8:00
1684,Grand Total,13398,95,5/27/2009 8:00
1685,Argentina,5,0,5/26/2009 6:00
1686,Australia,19,0,5/26/2009 6:00
1687,Austria,1,0,5/26/2009 6:00
1688,Belgium,7,0,5/26/2009 6:00
1689,Brazil,9,0,5/26/2009 6:00
1690,Canada,921,1,5/26/2009 6:00
1691,Chile,74,0,5/26/2009 6:00
1692,China,20,0,5/26/2009 6:00
1693,Colombia,16,0,5/26/2009 6:00
1694,Costa Rica,33,1,5/26/2009 6:00
1695,Cuba,4,0,5/26/2009 6:00
1696,Denmark,1,0,5/26/2009 6:00
1697,Ecuador,24,0,5/26/2009 6:00
1698,El Salvador,6,0,5/26/2009 6:00
1699,Finland,2,0,5/26/2009 6:00
1700,France,16,0,5/26/2009 6:00
1701,Germany,17,0,5/26/2009 6:00
1702,Greece,1,0,5/26/2009 6:00
1703,Guatemala,4,0,5/26/2009 6:00
1704,Honduras,1,0,5/26/2009 6:00
1705,Iceland,1,0,5/26/2009 6:00
1706,India,1,0,5/26/2009 6:00
1707,Ireland,1,0,5/26/2009 6:00
1708,Israel,8,0,5/26/2009 6:00
1709,Italy,19,0,5/26/2009 6:00
1710,Japan,350,0,5/26/2009 6:00
1711,"Korea, Republic of",21,0,5/26/2009 6:00
1712,Kuwait,18,0,5/26/2009 6:00
1713,Malaysia,2,0,5/26/2009 6:00
1714,Mexico,4174,80,5/26/2009 6:00
1715,Netherlands,3,0,5/26/2009 6:00
1716,New Zealand,9,0,5/26/2009 6:00
1717,Norway,4,0,5/26/2009 6:00
1718,Panama,76,0,5/26/2009 6:00
1719,Peru,27,0,5/26/2009 6:00
1720,Philippines,2,0,5/26/2009 6:00
1721,Poland,3,0,5/26/2009 6:00
1722,Portugal,1,0,5/26/2009 6:00
1723,Russia,2,0,5/26/2009 6:00
1724,Spain,136,0,5/26/2009 6:00
1725,Sweden,3,0,5/26/2009 6:00
1726,Switzerland,3,0,5/26/2009 6:00
1727,Thailand,2,0,5/26/2009 6:00
1728,Turkey,2,0,5/26/2009 6:00
1729,United Kingdom,137,0,5/26/2009 6:00
1730,United States of America,6764,10,5/26/2009 6:00
1731,Grand Total,12954,92,5/26/2009 6:00
1732,Argentina,2,0,5/25/2009 8:00
1733,Australia,16,0,5/25/2009 8:00
1734,Austria,1,0,5/25/2009 8:00
1735,Belgium,7,0,5/25/2009 8:00
1736,Brazil,9,0,5/25/2009 8:00
1737,Canada,805,1,5/25/2009 8:00
1738,Chile,44,0,5/25/2009 8:00
1739,China,15,0,5/25/2009 8:00
1740,Colombia,13,0,5/25/2009 8:00
1741,Costa Rica,28,1,5/25/2009 8:00
1742,Cuba,4,0,5/25/2009 8:00
1743,Denmark,1,0,5/25/2009 8:00
1744,Ecuador,10,0,5/25/2009 8:00
1745,El Salvador,6,0,5/25/2009 8:00
1746,Finland,2,0,5/25/2009 8:00
1747,France,16,0,5/25/2009 8:00
1748,Germany,17,0,5/25/2009 8:00
1749,Greece,1,0,5/25/2009 8:00
1750,Guatemala,4,0,5/25/2009 8:00
1751,Honduras,1,0,5/25/2009 8:00
1752,Iceland,1,0,5/25/2009 8:00
1753,India,1,0,5/25/2009 8:00
1754,Ireland,1,0,5/25/2009 8:00
1755,Israel,8,0,5/25/2009 8:00
1756,Italy,19,0,5/25/2009 8:00
1757,Japan,345,0,5/25/2009 8:00
1758,"Korea, Republic of",3,0,5/25/2009 8:00
1759,Kuwait,18,0,5/25/2009 8:00
1760,Malaysia,2,0,5/25/2009 8:00
1761,Mexico,4174,80,5/25/2009 8:00
1762,Netherlands,3,0,5/25/2009 8:00
1763,New Zealand,9,0,5/25/2009 8:00
1764,Norway,4,0,5/25/2009 8:00
1765,Panama,76,0,5/25/2009 8:00
1766,Peru,25,0,5/25/2009 8:00
1767,Philippines,1,0,5/25/2009 8:00
1768,Poland,3,0,5/25/2009 8:00
1769,Portugal,1,0,5/25/2009 8:00
1770,Russia,1,0,5/25/2009 8:00
1771,Spain,133,0,5/25/2009 8:00
1772,Sweden,3,0,5/25/2009 8:00
1773,Switzerland,3,0,5/25/2009 8:00
1774,Thailand,2,0,5/25/2009 8:00
1775,Turkey,2,0,5/25/2009 8:00
1776,United Kingdom,122,0,5/25/2009 8:00
1777,United States of America,6552,9,5/25/2009 8:00
1778,Grand Total,12515,91,5/25/2009 8:00
1779,Argentina,1,0,5/23/2009 8:00
1780,Australia,12,0,5/23/2009 8:00
1781,Austria,1,0,5/23/2009 8:00
1782,Belgium,7,0,5/23/2009 8:00
1783,Brazil,8,0,5/23/2009 8:00
1784,Canada,719,1,5/23/2009 8:00
1785,Chile,24,0,5/23/2009 8:00
1786,China,11,0,5/23/2009 8:00
1787,Colombia,12,0,5/23/2009 8:00
1788,Costa Rica,20,1,5/23/2009 8:00
1789,Cuba,4,0,5/23/2009 8:00
1790,Denmark,1,0,5/23/2009 8:00
1791,Ecuador,8,0,5/23/2009 8:00
1792,El Salvador,6,0,5/23/2009 8:00
1793,Finland,2,0,5/23/2009 8:00
1794,France,16,0,5/23/2009 8:00
1795,Germany,17,0,5/23/2009 8:00
1796,Greece,1,0,5/23/2009 8:00
1797,Guatemala,4,0,5/23/2009 8:00
1798,India,1,0,5/23/2009 8:00
1799,Ireland,1,0,5/23/2009 8:00
1800,Israel,7,0,5/23/2009 8:00
1801,Italy,14,0,5/23/2009 8:00
1802,Japan,321,0,5/23/2009 8:00
1803,"Korea, Republic of",3,0,5/23/2009 8:00
1804,Malaysia,2,0,5/23/2009 8:00
1805,Mexico,3892,75,5/23/2009 8:00
1806,Netherlands,3,0,5/23/2009 8:00
1807,New Zealand,9,0,5/23/2009 8:00
1808,Norway,4,0,5/23/2009 8:00
1809,Panama,76,0,5/23/2009 8:00
1810,Peru,5,0,5/23/2009 8:00
1811,Philippines,1,0,5/23/2009 8:00
1812,Poland,2,0,5/23/2009 8:00
1813,Portugal,1,0,5/23/2009 8:00
1814,Russia,1,0,5/23/2009 8:00
1815,Spain,126,0,5/23/2009 8:00
1816,Sweden,3,0,5/23/2009 8:00
1817,Switzerland,2,0,5/23/2009 8:00
1818,Thailand,2,0,5/23/2009 8:00
1819,Turkey,2,0,5/23/2009 8:00
1820,United Kingdom,117,0,5/23/2009 8:00
1821,United States of America,6552,9,5/23/2009 8:00
1822,Grand Total,12022,86,5/23/2009 8:00
